keyword,category,monthly_volume,cpc_usd,competition_index,keyword_difficulty,priority,trend_angle,assign_to_page
cacao nibs,Cacao Nibs,33100,0.63,99,4,HIGH — Broad,,/shop/cacao-nibs/
raw cacao nibs,Cacao Nibs,3600,0.78,100,3,HIGH — Niche,,/shop/cacao-nibs/
organic cacao nibs,Cacao Nibs,2400,1.55,100,5,HIGH — Niche,Ethical Sourcing,/shop/cacao-nibs/
unsweetened cacao nibs,Cacao Nibs,1600,0.59,25,4,HIGH — Niche,,/shop/cacao-nibs/
navitas organic cacao nibs,Cacao Nibs,5400,0.7,22,,LOW,Ethical Sourcing,/shop/cacao-nibs/
navitas organics organic cacao nibs,Cacao Nibs,5400,0.7,22,,LOW,Ethical Sourcing,/shop/cacao-nibs/
cocoa nibs raw,Cacao Nibs,3600,0.78,100,,LOW,,/shop/cacao-nibs/
cacao nibs benefits,Cacao Nibs,2900,0.54,27,,LOW,Wellness,/shop/cacao-nibs/
benefit of cocoa nibs,Cacao Nibs,2900,0.54,27,,LOW,Wellness,/shop/cacao-nibs/
chocolate nibs benefits,Cacao Nibs,2900,0.54,27,,LOW,Wellness,/shop/cacao-nibs/
navitas cacao nibs,Cacao Nibs,720,0.61,100,,LOW,,/shop/cacao-nibs/
cacao nibs whole foods,Cacao Nibs,720,0.43,98,,LOW,,/shop/cacao-nibs/
cocoa nibs whole foods,Cacao Nibs,720,0.43,98,,LOW,,/shop/cacao-nibs/
navitas naturals cacao nibs,Cacao Nibs,720,0.61,100,,LOW,,/shop/cacao-nibs/
cacao nibs nutrition,Cacao Nibs,720,0.46,58,,LOW,,/shop/cacao-nibs/
cocoa nibs health benefits,Cacao Nibs,720,0.36,14,,LOW,Wellness,/shop/cacao-nibs/
cacao nibs health benefits,Cacao Nibs,720,0.36,14,,LOW,Wellness,/shop/cacao-nibs/
cacao nibs nutritional value,Cacao Nibs,720,0.46,58,,LOW,,/shop/cacao-nibs/
chocolate nibs health benefits,Cacao Nibs,720,0.36,14,,LOW,Wellness,/shop/cacao-nibs/
cocoa nibs nutritional value,Cacao Nibs,720,0.46,58,,LOW,,/shop/cacao-nibs/
cocoa nibs where to buy,Cacao Nibs,590,0.52,100,,LOW,,/shop/cacao-nibs/
sweet cacao nibs,Cacao Nibs,320,0.39,100,,LOW,,/shop/cacao-nibs/
sweetened cacao nibs,Cacao Nibs,320,0.39,100,,LOW,,/shop/cacao-nibs/
cacao nibs sweetened,Cacao Nibs,320,0.39,100,,LOW,,/shop/cacao-nibs/
sweetened cocoa nibs,Cacao Nibs,320,0.39,100,,LOW,,/shop/cacao-nibs/
organic raw cacao nibs,Cacao Nibs,260,0.78,100,,LOW,Ethical Sourcing,/shop/cacao-nibs/
raw chocolate nibs,Cacao Nibs,210,0.64,100,,LOW,,/shop/cacao-nibs/
cacao nibs dark chocolate,Cacao Nibs,170,0.55,100,,LOW,,/shop/cacao-nibs/
dark chocolate cocoa nibs,Cacao Nibs,170,0.55,100,,LOW,,/shop/cacao-nibs/
carob nibs,Cacao Nibs,170,0.48,100,,LOW,,/shop/cacao-nibs/
superfood cacao nibs,Cacao Nibs,140,8.85,100,,LOW,Wellness,/shop/cacao-nibs/
viva naturals organic cacao nibs,Cacao Nibs,140,0.68,80,,LOW,Ethical Sourcing,/shop/cacao-nibs/
cacao nibs vegan,Cacao Nibs,110,0,14,,LOW,Dietary,/shop/cacao-nibs/
navitas organic cacao sweet nibs,Cacao Nibs,110,0.1,72,,LOW,Ethical Sourcing,/shop/cacao-nibs/
cocoa powder,Chocolate & Cacao,74000,0.53,100,26,HIGH — Broad,,/shop/chocolate-bar/
cacao powder,Chocolate & Cacao,49500,0.73,100,13,HIGH — Broad,,/shop/chocolate-bar/
raw cacao powder,Chocolate & Cacao,27100,0.74,100,0,HIGH — Broad,,/shop/chocolate-bar/
artisan chocolate,Chocolate & Cacao,12100,1.99,48,6,HIGH — Broad,,/shop/chocolate-bar/
dark chocolate bar,Chocolate & Cacao,9900,0.56,100,2,HIGH — Niche,,/shop/chocolate-bar/
bean to bar chocolate,Chocolate & Cacao,6600,1.52,17,0,HIGH — Niche,,/shop/chocolate-bar/
cacao benefits,Chocolate & Cacao,6600,0.72,55,15,HIGH — Niche,Wellness,/shop/chocolate-bar/
single origin dark chocolate,Chocolate & Cacao,4400,2.35,85,0,HIGH — Niche,Origin Story,/shop/chocolate-bar/
bean to bar dark chocolate,Chocolate & Cacao,1600,1.17,65,4,HIGH — Niche,,/shop/chocolate-bar/
mayan chocolate,Chocolate & Cacao,1000,0.67,63,2,HIGH — Niche,Origin Story,/shop/chocolate-bar/
craft chocolate,Chocolate & Cacao,1000,1.03,87,2,HIGH — Niche,,/shop/chocolate-bar/
cacao husk tea,Chocolate & Cacao,880,0.82,95,0,MEDIUM,,/shop/cacao-husk-tea/
single origin chocolate bar,Chocolate & Cacao,590,2.13,37,0,MEDIUM,Origin Story,/shop/chocolate-bar/
cacao chocolate powder,Chocolate & Cacao,74000,0.53,100,,LOW,,/shop/chocolate-bar/
cocoa powder cocoa powder,Chocolate & Cacao,74000,0.53,100,,LOW,,/shop/chocolate-bar/
unsweetened cocoa powder,Chocolate & Cacao,49500,0.38,83,,LOW,,/shop/chocolate-bar/
cocoa chocolate powder,Chocolate & Cacao,49500,0.73,100,,LOW,,/shop/chocolate-bar/
cocoa unsweetened powder,Chocolate & Cacao,49500,0.38,83,,LOW,,/shop/chocolate-bar/
dutch processed cocoa powder,Chocolate & Cacao,40500,0.38,96,,LOW,,/shop/chocolate-bar/
dutch process cocoa,Chocolate & Cacao,40500,0.38,96,,LOW,,/shop/chocolate-bar/
dutch chocolate cocoa powder,Chocolate & Cacao,40500,0.38,96,,LOW,,/shop/chocolate-bar/
cocoa powder hot chocolate,Chocolate & Cacao,33100,0.59,36,,LOW,,/shop/chocolate-bar/
cacao powder hot chocolate,Chocolate & Cacao,33100,0.59,36,,LOW,,/shop/chocolate-bar/
hot cocoa with cocoa powder,Chocolate & Cacao,33100,0.59,36,,LOW,,/shop/chocolate-bar/
hot cocoa with cacao powder,Chocolate & Cacao,33100,0.59,36,,LOW,,/shop/chocolate-bar/
hu chocolates,Chocolate & Cacao,27100,1.01,100,,LOW,,/shop/chocolate-bar/
chocolate hu,Chocolate & Cacao,27100,1.01,100,,LOW,,/shop/chocolate-bar/
raw chocolate powder,Chocolate & Cacao,27100,0.74,100,,LOW,,/shop/chocolate-bar/
cocoa powder raw,Chocolate & Cacao,27100,0.74,100,,LOW,,/shop/chocolate-bar/
dark chocolate is it good for you,Chocolate & Cacao,27100,0.4,10,,LOW,,/shop/chocolate-bar/
dark chocolate benefits,Chocolate & Cacao,22200,0.44,22,37,LOW,Wellness,/shop/chocolate-bar/
black chocolate benefits,Chocolate & Cacao,22200,0.44,22,,LOW,Wellness,/shop/chocolate-bar/
advantages of dark chocolate,Chocolate & Cacao,22200,0.44,22,,LOW,,/shop/chocolate-bar/
chocolate bean,Chocolate & Cacao,18100,0.52,39,,LOW,,/shop/chocolate-bar/
black cocoa powder,Chocolate & Cacao,18100,0.4,99,,LOW,,/shop/chocolate-bar/
cacao powder v cocoa powder,Chocolate & Cacao,18100,0.66,48,,LOW,,/shop/chocolate-bar/
cacao v cocoa,Chocolate & Cacao,18100,0.66,48,,LOW,,/shop/chocolate-bar/
chocolate christopher elbow,Chocolate & Cacao,18100,0.88,35,,LOW,,/shop/chocolate-bar/
hot chocolate unsweetened cocoa powder,Chocolate & Cacao,18100,0.34,25,,LOW,,/shop/chocolate-bar/
hot cocoa with unsweetened cocoa powder,Chocolate & Cacao,18100,0.34,25,,LOW,,/shop/chocolate-bar/
natural cocoa powder,Chocolate & Cacao,14800,0.61,73,,LOW,,/shop/chocolate-bar/
70 cocoa dark chocolate,Chocolate & Cacao,14800,0.46,100,,LOW,,/shop/chocolate-bar/
navitas organic cacao powder,Chocolate & Cacao,14800,0.82,52,,LOW,Ethical Sourcing,/shop/chocolate-bar/
hersheys cocoa powder,Chocolate & Cacao,14800,0.24,98,,LOW,,/shop/chocolate-bar/
navitas organics organic cacao powder,Chocolate & Cacao,14800,0.82,52,,LOW,Ethical Sourcing,/shop/chocolate-bar/
70 cacao dark chocolate,Chocolate & Cacao,14800,0.46,100,,LOW,,/shop/chocolate-bar/
cacao powder benefits,Chocolate & Cacao,14800,0.73,63,,LOW,Wellness,/shop/chocolate-bar/
cocoa powder benefits,Chocolate & Cacao,14800,0.73,63,,LOW,Wellness,/shop/chocolate-bar/
lindt dark chocolate,Chocolate & Cacao,12100,0.36,100,,LOW,,/shop/chocolate-bar/
organic cacao powder,Chocolate & Cacao,12100,0.94,100,,LOW,Ethical Sourcing,/shop/chocolate-bar/
lindt chocolate dark chocolate,Chocolate & Cacao,12100,0.36,100,,LOW,,/shop/chocolate-bar/
lindt black chocolate,Chocolate & Cacao,12100,0.36,100,,LOW,,/shop/chocolate-bar/
hershey's cocoa special dark,Chocolate & Cacao,12100,0.11,61,,LOW,,/shop/chocolate-bar/
artisante chocolate,Chocolate & Cacao,12100,1.99,48,,LOW,,/shop/chocolate-bar/
mounds chocolate bar,Chocolate & Cacao,12100,0.44,39,,LOW,,/shop/chocolate-bar/
artisan chocolaterie,Chocolate & Cacao,12100,1.99,48,,LOW,,/shop/chocolate-bar/
artisan cocoa,Chocolate & Cacao,12100,1.99,48,,LOW,,/shop/chocolate-bar/
black chocolate lindt,Chocolate & Cacao,12100,0.36,100,,LOW,,/shop/chocolate-bar/
cacao hershey's special dark,Chocolate & Cacao,12100,0.11,61,,LOW,,/shop/chocolate-bar/
chocolate dark lindt,Chocolate & Cacao,12100,0.36,100,,LOW,,/shop/chocolate-bar/
chocolate gourmet chocolate,Chocolate & Cacao,12100,2.5,100,,LOW,,/shop/chocolate-bar/
chocolate lindt dark,Chocolate & Cacao,12100,0.36,100,,LOW,,/shop/chocolate-bar/
hershey cocoa powder special dark,Chocolate & Cacao,12100,0.11,61,,LOW,,/shop/chocolate-bar/
hershey's cocoa powder special dark,Chocolate & Cacao,12100,0.11,61,,LOW,,/shop/chocolate-bar/
hu chocolate bar,Chocolate & Cacao,9900,0.81,100,,LOW,,/shop/chocolate-bar/
finest dark chocolate,Chocolate & Cacao,9900,0.78,100,,LOW,,/shop/chocolate-bar/
dove darkest chocolate,Chocolate & Cacao,9900,0.25,100,,LOW,,/shop/chocolate-bar/
bar dark chocolate,Chocolate & Cacao,9900,0.56,100,,LOW,,/shop/chocolate-bar/
best black cocoa,Chocolate & Cacao,9900,0.78,100,,LOW,,/shop/chocolate-bar/
black chocolate bar,Chocolate & Cacao,9900,0.56,100,,LOW,,/shop/chocolate-bar/
chocolate dark bar,Chocolate & Cacao,9900,0.56,100,,LOW,,/shop/chocolate-bar/
dark cocoa bar,Chocolate & Cacao,9900,0.56,100,,LOW,,/shop/chocolate-bar/
excellence dark chocolate,Chocolate & Cacao,9900,0.78,100,,LOW,,/shop/chocolate-bar/
raw cacao,Chocolate & Cacao,8100,0.85,100,,LOW,,/shop/chocolate-bar/
dark almond chocolate,Chocolate & Cacao,8100,0.59,100,,LOW,,/shop/chocolate-bar/
almond and dark chocolate,Chocolate & Cacao,8100,0.59,100,,LOW,,/shop/chocolate-bar/
milky way chocolate midnight,Chocolate & Cacao,8100,0.33,93,,LOW,,/shop/chocolate-bar/
ceremonial cacao,Chocolate & Cacao,8100,2.64,100,,LOW,,/shop/chocolate-bar/
raw chocolate cocoa,Chocolate & Cacao,8100,0.85,100,,LOW,,/shop/chocolate-bar/
assortment of chocolates,Chocolate & Cacao,8100,0.72,100,,LOW,,/shop/chocolate-bar/
box chocolate box,Chocolate & Cacao,8100,0.91,100,,LOW,Gifting/DTC,/shop/chocolate-bar/
chocolate box box,Chocolate & Cacao,8100,0.91,100,,LOW,Gifting/DTC,/shop/chocolate-bar/
chocolate box chocolate,Chocolate & Cacao,8100,0.91,100,,LOW,Gifting/DTC,/shop/chocolate-bar/
chocolates in box,Chocolate & Cacao,8100,0.91,100,,LOW,Gifting/DTC,/shop/chocolate-bar/
benefits of dark cocoa,Chocolate & Cacao,8100,0.25,17,,LOW,Wellness,/shop/chocolate-bar/
cocoa and health,Chocolate & Cacao,8100,0.74,100,,LOW,Wellness,/shop/chocolate-bar/
bean bar chocolate,Chocolate & Cacao,6600,1.52,17,,LOW,,/shop/chocolate-bar/
dutch cocoa powder,Chocolate & Cacao,6600,0.44,100,,LOW,,/shop/chocolate-bar/
dark cocoa powder,Chocolate & Cacao,6600,0.38,100,,LOW,,/shop/chocolate-bar/
70 dark chocolate,Chocolate & Cacao,6600,0.37,100,,LOW,,/shop/chocolate-bar/
cocoa powder for smoothies,Chocolate & Cacao,6600,0.48,58,,LOW,Functional Drinks,/shop/chocolate-bar/
cocoa dutch powder,Chocolate & Cacao,6600,0.44,100,,LOW,,/shop/chocolate-bar/
cacao powder smoothie,Chocolate & Cacao,6600,0.48,58,,LOW,Functional Drinks,/shop/chocolate-bar/
godiva chocolate box,Chocolate & Cacao,6600,1.03,100,,LOW,Gifting/DTC,/shop/chocolate-bar/
chocolate box godiva,Chocolate & Cacao,6600,1.03,100,,LOW,Gifting/DTC,/shop/chocolate-bar/
dark chocolate health benefits,Chocolate & Cacao,6600,0.66,11,57,LOW,Wellness,/shop/chocolate-bar/
cocoa bean benefits,Chocolate & Cacao,6600,0.72,55,,LOW,Wellness,/shop/chocolate-bar/
black chocolate health benefits,Chocolate & Cacao,6600,0.66,11,,LOW,Wellness,/shop/chocolate-bar/
cocoa is good for,Chocolate & Cacao,6600,0.22,8,,LOW,,/shop/chocolate-bar/
cocoa seed benefits,Chocolate & Cacao,6600,0.72,55,,LOW,Wellness,/shop/chocolate-bar/
dark chocolate and health benefits,Chocolate & Cacao,6600,0.66,11,,LOW,Wellness,/shop/chocolate-bar/
dark chocolate nutrition benefits,Chocolate & Cacao,6600,0.66,11,,LOW,Wellness,/shop/chocolate-bar/
dark cocoa health benefits,Chocolate & Cacao,6600,0.66,11,,LOW,Wellness,/shop/chocolate-bar/
health advantages of dark chocolate,Chocolate & Cacao,6600,0.66,11,,LOW,Wellness,/shop/chocolate-bar/
health benefits for dark chocolate,Chocolate & Cacao,6600,0.66,11,,LOW,Wellness,/shop/chocolate-bar/
health properties of dark chocolate,Chocolate & Cacao,6600,0.66,11,,LOW,Wellness,/shop/chocolate-bar/
organic dark chocolate,Chocolate & Cacao,5400,1.09,95,,LOW,Ethical Sourcing,/shop/chocolate-bar/
organic cocoa powder,Chocolate & Cacao,5400,0.9,100,,LOW,Ethical Sourcing,/shop/chocolate-bar/
valrhona cocoa powder,Chocolate & Cacao,5400,1.15,100,,LOW,,/shop/chocolate-bar/
hershey cocoa powder,Chocolate & Cacao,5400,0.23,100,,LOW,,/shop/chocolate-bar/
ghirardelli cocoa powder,Chocolate & Cacao,5400,0.4,100,,LOW,,/shop/chocolate-bar/
white cocoa powder,Chocolate & Cacao,5400,0.6,100,,LOW,,/shop/chocolate-bar/
organic cocoa,Chocolate & Cacao,5400,0.9,100,,LOW,Ethical Sourcing,/shop/chocolate-bar/
droste cocoa powder,Chocolate & Cacao,5400,0.39,93,,LOW,,/shop/chocolate-bar/
organic chocolate powder,Chocolate & Cacao,5400,0.9,100,,LOW,Ethical Sourcing,/shop/chocolate-bar/
cocoa organic powder,Chocolate & Cacao,5400,0.9,100,,LOW,Ethical Sourcing,/shop/chocolate-bar/
ghirardelli chocolate and cocoa powder,Chocolate & Cacao,5400,0.4,100,,LOW,,/shop/chocolate-bar/
ghirardelli chocolate cocoa powder,Chocolate & Cacao,5400,0.4,100,,LOW,,/shop/chocolate-bar/
organic black chocolate,Chocolate & Cacao,5400,1.09,95,,LOW,Ethical Sourcing,/shop/chocolate-bar/
droste cacao powder,Chocolate & Cacao,5400,0.39,93,,LOW,,/shop/chocolate-bar/
organic black cocoa,Chocolate & Cacao,5400,1.09,95,,LOW,Ethical Sourcing,/shop/chocolate-bar/
organic dark cocoa,Chocolate & Cacao,5400,1.09,95,,LOW,Ethical Sourcing,/shop/chocolate-bar/
valrhona chocolate cocoa powder,Chocolate & Cacao,5400,1.15,100,,LOW,,/shop/chocolate-bar/
gifts of chocolate,Chocolate & Cacao,5400,2.29,100,,LOW,Gifting/DTC,/shop/chocolate-bar/
dark chocolate single origin,Chocolate & Cacao,4400,2.35,85,,LOW,Origin Story,/shop/chocolate-bar/
hu dark chocolate,Chocolate & Cacao,4400,1.14,100,,LOW,,/shop/chocolate-bar/
unreal dark chocolate coconut bars,Chocolate & Cacao,4400,0.34,98,,LOW,,/shop/chocolate-bar/
navitas cacao powder,Chocolate & Cacao,4400,0.81,100,,LOW,,/shop/chocolate-bar/
guittard cocoa powder,Chocolate & Cacao,4400,0.58,100,,LOW,,/shop/chocolate-bar/
alter eco dark chocolate,Chocolate & Cacao,4400,0.92,100,,LOW,,/shop/chocolate-bar/
lindt excellence dark chocolate,Chocolate & Cacao,4400,0.31,49,,LOW,,/shop/chocolate-bar/
kit kat dark chocolate,Chocolate & Cacao,4400,0.28,94,,LOW,,/shop/chocolate-bar/
hot cocoa powder,Chocolate & Cacao,4400,0.47,100,,LOW,,/shop/chocolate-bar/
navitas cacao,Chocolate & Cacao,4400,0.81,100,,LOW,,/shop/chocolate-bar/
handcrafted chocolate,Chocolate & Cacao,4400,4.12,58,,LOW,,/shop/chocolate-bar/
cocoa powder near me,Chocolate & Cacao,4400,0.37,93,,LOW,,/shop/chocolate-bar/
cacao powder near me,Chocolate & Cacao,4400,0.37,93,,LOW,,/shop/chocolate-bar/
milk chocolate cocoa powder,Chocolate & Cacao,4400,0.33,24,,LOW,,/shop/chocolate-bar/
chocolate milk cocoa powder,Chocolate & Cacao,4400,0.33,24,,LOW,,/shop/chocolate-bar/
dark chocolate alter eco,Chocolate & Cacao,4400,0.92,100,,LOW,,/shop/chocolate-bar/
dark chocolate lindt excellence,Chocolate & Cacao,4400,0.31,49,,LOW,,/shop/chocolate-bar/
kitkat black chocolate,Chocolate & Cacao,4400,0.28,94,,LOW,,/shop/chocolate-bar/
navitas naturals cacao powder,Chocolate & Cacao,4400,0.81,100,,LOW,,/shop/chocolate-bar/
valentines chocolate box,Chocolate & Cacao,4400,0.2,80,,LOW,Gifting/DTC,/shop/chocolate-bar/
chocolate present box,Chocolate & Cacao,4400,2.04,100,,LOW,Gifting/DTC,/shop/chocolate-bar/
valentine's day box of chocolates,Chocolate & Cacao,4400,0.2,80,,LOW,Gifting/DTC,/shop/chocolate-bar/
chocolate box valentines,Chocolate & Cacao,4400,0.2,80,,LOW,Gifting/DTC,/shop/chocolate-bar/
chocolate box present,Chocolate & Cacao,4400,2.04,100,,LOW,Gifting/DTC,/shop/chocolate-bar/
valentines day chocolate boxes,Chocolate & Cacao,4400,0.2,80,,LOW,Gifting/DTC,/shop/chocolate-bar/
chocolate in a box gifts,Chocolate & Cacao,4400,2.04,100,,LOW,Gifting/DTC,/shop/chocolate-bar/
chocolate valentine box,Chocolate & Cacao,4400,0.2,80,,LOW,Gifting/DTC,/shop/chocolate-bar/
best dark chocolate for health,Chocolate & Cacao,4400,0.58,100,,LOW,Wellness,/shop/chocolate-bar/
chocolate and peanut butter bars,Chocolate & Cacao,4400,0.49,60,,LOW,,/shop/chocolate-bar/
cocoa powder is it good for you,Chocolate & Cacao,4400,0.59,11,,LOW,,/shop/chocolate-bar/
raw cacao beans,Chocolate & Cacao,3600,0.47,95,,LOW,,/shop/chocolate-bar/
mast organic dark chocolate,Chocolate & Cacao,3600,2.15,92,,LOW,Ethical Sourcing,/shop/chocolate-bar/
alter eco chocolate,Chocolate & Cacao,3600,0.74,100,,LOW,,/shop/chocolate-bar/
ferrero rocher dark chocolate,Chocolate & Cacao,3600,0.31,96,,LOW,,/shop/chocolate-bar/
best cocoa powder,Chocolate & Cacao,3600,0.65,100,,LOW,,/shop/chocolate-bar/
cacao barry extra brute,Chocolate & Cacao,3600,0.78,100,,LOW,,/shop/chocolate-bar/
ghirardelli dutch process cocoa powder,Chocolate & Cacao,3600,0.35,100,,LOW,,/shop/chocolate-bar/
guittard cocoa rouge,Chocolate & Cacao,3600,0.67,79,,LOW,,/shop/chocolate-bar/
hershey's natural unsweetened cocoa,Chocolate & Cacao,3600,0.24,5,,LOW,,/shop/chocolate-bar/
cacao barry extra brute cocoa powder,Chocolate & Cacao,3600,0.78,100,,LOW,,/shop/chocolate-bar/
good cocoa powder,Chocolate & Cacao,3600,0.65,100,,LOW,,/shop/chocolate-bar/
guittard cocoa rouge cocoa powder,Chocolate & Cacao,3600,0.67,79,,LOW,,/shop/chocolate-bar/
guittard rouge cocoa powder,Chocolate & Cacao,3600,0.67,79,,LOW,,/shop/chocolate-bar/
ghirardelli dutch cocoa powder,Chocolate & Cacao,3600,0.35,100,,LOW,,/shop/chocolate-bar/
barry cacao extra brute,Chocolate & Cacao,3600,0.78,100,,LOW,,/shop/chocolate-bar/
barry cocoa powder extra brute,Chocolate & Cacao,3600,0.78,100,,LOW,,/shop/chocolate-bar/
dutch processed cocoa powder ghirardelli,Chocolate & Cacao,3600,0.35,100,,LOW,,/shop/chocolate-bar/
ferrero rocher chocolate dark chocolate,Chocolate & Cacao,3600,0.31,96,,LOW,,/shop/chocolate-bar/
raw cocoa beans,Chocolate & Cacao,3600,0.47,95,,LOW,,/shop/chocolate-bar/
mugs with hot chocolate,Chocolate & Cacao,3600,3.57,96,,LOW,,/shop/chocolate-bar/
keto chocolate,Chocolate & Cacao,3600,0.98,100,,LOW,Dietary,/shop/chocolate-bar/
vegan chocolate bar,Chocolate & Cacao,3600,0.89,100,,LOW,Dietary,/shop/chocolate-bar/
keto cocoa,Chocolate & Cacao,3600,0.98,100,,LOW,Dietary,/shop/chocolate-bar/
lily's chocolate chips sugar free,Chocolate & Cacao,3600,0.35,100,,LOW,,/shop/chocolate-bar/
dark chocolate healthy,Chocolate & Cacao,3600,0.47,100,,LOW,Wellness,/shop/chocolate-bar/
keto diet chocolate,Chocolate & Cacao,3600,0.98,100,,LOW,Dietary,/shop/chocolate-bar/
ketogenic chocolate,Chocolate & Cacao,3600,0.98,100,,LOW,Dietary,/shop/chocolate-bar/
health dark chocolate,Chocolate & Cacao,3600,0.63,100,,LOW,Wellness,/shop/chocolate-bar/
chocolate in keto,Chocolate & Cacao,3600,0.98,100,,LOW,Dietary,/shop/chocolate-bar/
good for you dark chocolate,Chocolate & Cacao,3600,0.63,100,,LOW,,/shop/chocolate-bar/
keto and chocolate,Chocolate & Cacao,3600,0.98,100,,LOW,Dietary,/shop/chocolate-bar/
gourmet hot chocolate,Chocolate & Cacao,2900,1.4,100,,LOW,,/shop/chocolate-bar/
100 dark chocolate,Chocolate & Cacao,2900,0.52,100,,LOW,,/shop/chocolate-bar/
brookside dark chocolate,Chocolate & Cacao,2900,0.29,97,,LOW,,/shop/chocolate-bar/
organic raw cacao powder,Chocolate & Cacao,2900,1.25,100,,LOW,Ethical Sourcing,/shop/chocolate-bar/
dark chocolate cocoa powder,Chocolate & Cacao,2900,0.43,100,,LOW,,/shop/chocolate-bar/
hershey's unsweetened cocoa,Chocolate & Cacao,2900,0.26,47,,LOW,,/shop/chocolate-bar/
raw organic cocoa powder,Chocolate & Cacao,2900,1.25,100,,LOW,Ethical Sourcing,/shop/chocolate-bar/
hershey's dark cocoa powder,Chocolate & Cacao,2900,0.13,93,,LOW,,/shop/chocolate-bar/
unsweetened natural cocoa powder,Chocolate & Cacao,2900,0.4,83,,LOW,,/shop/chocolate-bar/
hershey's unsweetened cocoa powder,Chocolate & Cacao,2900,0.26,47,,LOW,,/shop/chocolate-bar/
trader joe's cocoa powder,Chocolate & Cacao,2900,0.2,68,,LOW,,/shop/chocolate-bar/
cacao powder trader joes,Chocolate & Cacao,2900,0.2,68,,LOW,,/shop/chocolate-bar/
cocoa dark chocolate powder,Chocolate & Cacao,2900,0.43,100,,LOW,,/shop/chocolate-bar/
cocoa powder dark chocolate,Chocolate & Cacao,2900,0.43,100,,LOW,,/shop/chocolate-bar/
dark chocolate and cocoa powder,Chocolate & Cacao,2900,0.43,100,,LOW,,/shop/chocolate-bar/
dark chocolate with cocoa powder,Chocolate & Cacao,2900,0.43,100,,LOW,,/shop/chocolate-bar/
hershey's cocoa powder natural unsweetened,Chocolate & Cacao,2900,0.28,21,,LOW,,/shop/chocolate-bar/
hershey's natural unsweetened cocoa powder,Chocolate & Cacao,2900,0.28,21,,LOW,,/shop/chocolate-bar/
hersheys dark cocoa powder,Chocolate & Cacao,2900,0.13,93,,LOW,,/shop/chocolate-bar/
natural unsweetened cocoa,Chocolate & Cacao,2900,0.4,83,,LOW,,/shop/chocolate-bar/
pistachio chocolate bars,Chocolate & Cacao,2900,0.32,98,,LOW,,/shop/chocolate-bar/
raw organic cocoa,Chocolate & Cacao,2900,1.25,100,,LOW,Ethical Sourcing,/shop/chocolate-bar/
unsweetened hershey's cocoa powder,Chocolate & Cacao,2900,0.26,47,,LOW,,/shop/chocolate-bar/
raw cacao butter,Chocolate & Cacao,2900,0.86,100,,LOW,,/shop/chocolate-bar/
basket of chocolates gift,Chocolate & Cacao,2900,3.54,100,,LOW,Gifting/DTC,/shop/chocolate-bar/
godiva chocolate box gift,Chocolate & Cacao,2900,1.01,40,,LOW,Gifting/DTC,/shop/chocolate-bar/
benefits of cacao beans,Chocolate & Cacao,2900,0.54,27,,LOW,Wellness,/shop/chocolate-bar/
dark chocolate and heart health,Chocolate & Cacao,2900,0.46,45,,LOW,Wellness,/shop/chocolate-bar/
dark chocolate for heart health,Chocolate & Cacao,2900,0.46,45,,LOW,Wellness,/shop/chocolate-bar/
gourmet chocolate bar,Chocolate & Cacao,2400,1.89,100,,LOW,,/shop/chocolate-bar/
organic cacao,Chocolate & Cacao,2400,1.32,100,,LOW,Ethical Sourcing,/shop/chocolate-bar/
gourmet chocolate near me,Chocolate & Cacao,2400,0.84,81,,LOW,,/shop/chocolate-bar/
dark chocolate candy bars,Chocolate & Cacao,2400,0.56,99,,LOW,,/shop/chocolate-bar/
milky way dark chocolate,Chocolate & Cacao,2400,0.33,98,,LOW,,/shop/chocolate-bar/
tony's chocolonely dark chocolate,Chocolate & Cacao,2400,0.32,100,,LOW,,/shop/chocolate-bar/
premium chocolate bars,Chocolate & Cacao,2400,1.17,87,,LOW,,/shop/chocolate-bar/
alkali processed cocoa,Chocolate & Cacao,2400,0.43,6,,LOW,,/shop/chocolate-bar/
alkali processed cocoa powder,Chocolate & Cacao,2400,0.43,6,,LOW,,/shop/chocolate-bar/
baking cocoa and cocoa powder,Chocolate & Cacao,2400,0.26,94,,LOW,,/shop/chocolate-bar/
candy bars with dark chocolate,Chocolate & Cacao,2400,0.56,99,,LOW,,/shop/chocolate-bar/
chocolates with price,Chocolate & Cacao,2400,1.61,22,,LOW,,/shop/chocolate-bar/
cocoa powder in baking,Chocolate & Cacao,2400,0.26,94,,LOW,,/shop/chocolate-bar/
cocoa powder v cacao powder,Chocolate & Cacao,2400,0.46,49,,LOW,,/shop/chocolate-bar/
cold pressed cacao powder,Chocolate & Cacao,2400,0.78,95,,LOW,,/shop/chocolate-bar/
dark chocolate milky way bars,Chocolate & Cacao,2400,0.33,98,,LOW,,/shop/chocolate-bar/
milky way dark chocolate candy bar,Chocolate & Cacao,2400,0.33,98,,LOW,,/shop/chocolate-bar/
cold pressed cacao,Chocolate & Cacao,2400,1.4,100,,LOW,,/shop/chocolate-bar/
chocolate assortment box,Chocolate & Cacao,2400,1.22,100,,LOW,Gifting/DTC,/shop/chocolate-bar/
hot chocolate sets gifts,Chocolate & Cacao,2400,0.9,99,,LOW,Gifting/DTC,/shop/chocolate-bar/
hot chocolate set gift,Chocolate & Cacao,2400,0.9,99,,LOW,Gifting/DTC,/shop/chocolate-bar/
keto friendly chocolate,Chocolate & Cacao,2400,0.69,100,,LOW,Dietary,/shop/chocolate-bar/
chocolate keto friendly,Chocolate & Cacao,2400,0.69,100,,LOW,Dietary,/shop/chocolate-bar/
cocoa is healthy,Chocolate & Cacao,2400,0.53,24,,LOW,Wellness,/shop/chocolate-bar/
cocoa keto friendly,Chocolate & Cacao,2400,0.69,100,,LOW,Dietary,/shop/chocolate-bar/
lindt 70 dark chocolate,Chocolate & Cacao,1900,0.25,100,,LOW,,/shop/chocolate-bar/
ghirardelli intense dark chocolate,Chocolate & Cacao,1900,0.38,100,,LOW,,/shop/chocolate-bar/
healthy cocoa powder,Chocolate & Cacao,1900,0.79,100,,LOW,Wellness,/shop/chocolate-bar/
nestle cocoa powder,Chocolate & Cacao,1900,0.27,96,,LOW,,/shop/chocolate-bar/
high quality cocoa powder,Chocolate & Cacao,1900,1.33,100,,LOW,,/shop/chocolate-bar/
hershey dark chocolate bar,Chocolate & Cacao,1900,0.34,97,,LOW,,/shop/chocolate-bar/
healthiest cocoa powder,Chocolate & Cacao,1900,0.79,100,,LOW,Wellness,/shop/chocolate-bar/
lilys chocolate bars,Chocolate & Cacao,1900,0.6,100,,LOW,,/shop/chocolate-bar/
healthiest cacao powder,Chocolate & Cacao,1900,0.79,100,,LOW,Wellness,/shop/chocolate-bar/
trader joe's dark chocolate bar,Chocolate & Cacao,1900,0.08,94,,LOW,,/shop/chocolate-bar/
best cocoa powder for health,Chocolate & Cacao,1900,0.97,100,,LOW,Wellness,/shop/chocolate-bar/
healthy cacao powder,Chocolate & Cacao,1900,0.79,100,,LOW,Wellness,/shop/chocolate-bar/
organic cacao chocolate,Chocolate & Cacao,1900,0.58,88,,LOW,Ethical Sourcing,/shop/chocolate-bar/
ghirardelli baking cocoa,Chocolate & Cacao,1900,0.37,100,,LOW,,/shop/chocolate-bar/
best cacao powder for health,Chocolate & Cacao,1900,0.97,100,,LOW,Wellness,/shop/chocolate-bar/
hershey's special dark chocolate bars,Chocolate & Cacao,1900,0.34,97,,LOW,,/shop/chocolate-bar/
cacao powder health,Chocolate & Cacao,1900,0.79,100,,LOW,Wellness,/shop/chocolate-bar/
cacao v cocoa powder,Chocolate & Cacao,1900,0.45,41,,LOW,,/shop/chocolate-bar/
dark chocolate bar trader joe's,Chocolate & Cacao,1900,0.08,94,,LOW,,/shop/chocolate-bar/
dark chocolate lindt 70,Chocolate & Cacao,1900,0.25,100,,LOW,,/shop/chocolate-bar/
lindt chocolate dark 70,Chocolate & Cacao,1900,0.25,100,,LOW,,/shop/chocolate-bar/
lindt excellence 70 cocoa dark chocolate,Chocolate & Cacao,1900,0.36,27,,LOW,,/shop/chocolate-bar/
lindt excellence dark chocolate 70,Chocolate & Cacao,1900,0.36,27,,LOW,,/shop/chocolate-bar/
unsweetened cocoa powder for baking,Chocolate & Cacao,1900,0.49,26,,LOW,,/shop/chocolate-bar/
hot cocoa gift,Chocolate & Cacao,1900,1.58,100,,LOW,Gifting/DTC,/shop/chocolate-bar/
gift hot chocolate,Chocolate & Cacao,1900,1.58,100,,LOW,Gifting/DTC,/shop/chocolate-bar/
gifts with hot chocolate,Chocolate & Cacao,1900,1.58,100,,LOW,Gifting/DTC,/shop/chocolate-bar/
cacao health benefits,Chocolate & Cacao,1900,0.92,31,,LOW,Wellness,/shop/chocolate-bar/
cocoa benefits,Chocolate & Cacao,1900,0.77,16,,LOW,Wellness,/shop/chocolate-bar/
cocoa powder healthy,Chocolate & Cacao,1900,0.79,100,,LOW,Wellness,/shop/chocolate-bar/
benefits of chocolate powder,Chocolate & Cacao,1900,0.28,18,,LOW,Wellness,/shop/chocolate-bar/
cacao bean health benefits,Chocolate & Cacao,1900,0.92,31,,LOW,Wellness,/shop/chocolate-bar/
cacao powder healthy,Chocolate & Cacao,1900,0.79,100,,LOW,Wellness,/shop/chocolate-bar/
chocolate powder healthy,Chocolate & Cacao,1900,0.79,100,,LOW,Wellness,/shop/chocolate-bar/
cocoa bean health benefits,Chocolate & Cacao,1900,0.92,31,,LOW,Wellness,/shop/chocolate-bar/
cocoa fruit health benefits,Chocolate & Cacao,1900,0.92,31,,LOW,Wellness,/shop/chocolate-bar/
cocoa seeds health benefits,Chocolate & Cacao,1900,0.92,31,,LOW,Wellness,/shop/chocolate-bar/
cocoa beans into chocolate,Chocolate & Cacao,1600,0.17,72,,LOW,,/shop/chocolate-bar/
dark chocolate snickers,Chocolate & Cacao,1600,0.39,77,,LOW,,/shop/chocolate-bar/
unreal chocolate coconut,Chocolate & Cacao,1600,0.34,100,,LOW,,/shop/chocolate-bar/
hu salty dark chocolate,Chocolate & Cacao,1600,0.67,100,,LOW,,/shop/chocolate-bar/
godiva chocolates online,Chocolate & Cacao,1600,2.33,66,,LOW,,/shop/chocolate-bar/
85 dark chocolate,Chocolate & Cacao,1600,0.5,100,,LOW,,/shop/chocolate-bar/
best cacao powder,Chocolate & Cacao,1600,1.07,100,,LOW,,/shop/chocolate-bar/
pure cocoa powder,Chocolate & Cacao,1600,0.79,100,,LOW,,/shop/chocolate-bar/
black cocoa powder near me,Chocolate & Cacao,1600,0.32,99,,LOW,,/shop/chocolate-bar/
pure cacao powder,Chocolate & Cacao,1600,0.79,100,,LOW,,/shop/chocolate-bar/
100 cocoa powder,Chocolate & Cacao,1600,0.42,100,,LOW,,/shop/chocolate-bar/
lindt dark chocolate bar,Chocolate & Cacao,1600,0.36,100,,LOW,,/shop/chocolate-bar/
dark chocolate almond joy,Chocolate & Cacao,1600,0.35,93,,LOW,,/shop/chocolate-bar/
organic dark chocolate bars,Chocolate & Cacao,1600,1.68,63,,LOW,Ethical Sourcing,/shop/chocolate-bar/
best cocoa powder for baking,Chocolate & Cacao,1600,0.43,100,,LOW,,/shop/chocolate-bar/
hu kitchen dark chocolate,Chocolate & Cacao,1600,1.42,61,,LOW,,/shop/chocolate-bar/
mounds chocolate,Chocolate & Cacao,1600,0.33,85,,LOW,,/shop/chocolate-bar/
dark toblerone chocolate,Chocolate & Cacao,1600,0.33,98,,LOW,,/shop/chocolate-bar/
valrhona dutch cocoa powder,Chocolate & Cacao,1600,1.12,100,,LOW,,/shop/chocolate-bar/
dark chocolate bar lindt,Chocolate & Cacao,1600,0.36,100,,LOW,,/shop/chocolate-bar/
dark chocolate bar organic,Chocolate & Cacao,1600,1.68,63,,LOW,Ethical Sourcing,/shop/chocolate-bar/
dark chocolate organic bars,Chocolate & Cacao,1600,1.68,63,,LOW,Ethical Sourcing,/shop/chocolate-bar/
fera wyn's chocolate cafe,Chocolate & Cacao,1600,0.49,2,,LOW,,/shop/chocolate-bar/
good cocoa powder for baking,Chocolate & Cacao,1600,0.43,100,,LOW,,/shop/chocolate-bar/
hedonistic chocolate,Chocolate & Cacao,1600,0.67,10,,LOW,,/shop/chocolate-bar/
hersheys special dark chocolate,Chocolate & Cacao,1600,0.37,99,,LOW,,/shop/chocolate-bar/
lindt chocolate bar dark,Chocolate & Cacao,1600,0.36,100,,LOW,,/shop/chocolate-bar/
toblerone chocolate dark,Chocolate & Cacao,1600,0.33,98,,LOW,,/shop/chocolate-bar/
toblerone chocolate dark chocolate,Chocolate & Cacao,1600,0.33,98,,LOW,,/shop/chocolate-bar/
unsweetened baking cocoa,Chocolate & Cacao,1600,0.19,21,,LOW,,/shop/chocolate-bar/
unsweetened baking cocoa powder,Chocolate & Cacao,1600,0.19,21,,LOW,,/shop/chocolate-bar/
valrhona cocoa powder dutch processed,Chocolate & Cacao,1600,1.12,100,,LOW,,/shop/chocolate-bar/
organic cacao butter,Chocolate & Cacao,1600,1.91,100,,LOW,Ethical Sourcing,/shop/chocolate-bar/
cacao powder nutrition,Chocolate & Cacao,1600,0.5,57,,LOW,,/shop/chocolate-bar/
hot chocolate kit,Chocolate & Cacao,1600,1.27,100,,LOW,,/shop/chocolate-bar/
lindt chocolate box,Chocolate & Cacao,1600,0.57,100,,LOW,Gifting/DTC,/shop/chocolate-bar/
hot cocoa kits,Chocolate & Cacao,1600,1.27,100,,LOW,,/shop/chocolate-bar/
box lindt chocolate,Chocolate & Cacao,1600,0.57,100,,LOW,Gifting/DTC,/shop/chocolate-bar/
gifts of chocolate for christmas,Chocolate & Cacao,1600,0.61,100,,LOW,Gifting/DTC,/shop/chocolate-bar/
box of chocolates lindt,Chocolate & Cacao,1600,0.57,100,,LOW,Gifting/DTC,/shop/chocolate-bar/
chocolate in a heart shaped box,Chocolate & Cacao,1600,0.82,88,,LOW,Gifting/DTC,/shop/chocolate-bar/
chocolate lindt box,Chocolate & Cacao,1600,0.57,100,,LOW,Gifting/DTC,/shop/chocolate-bar/
keto hot chocolate,Chocolate & Cacao,1600,0.66,100,,LOW,Dietary,/shop/chocolate-bar/
keto hot cocoa,Chocolate & Cacao,1600,0.66,100,,LOW,Dietary,/shop/chocolate-bar/
benefits of dark chocolate for men,Chocolate & Cacao,1600,0.19,15,,LOW,Wellness,/shop/chocolate-bar/
hot chocolate keto,Chocolate & Cacao,1600,0.66,100,,LOW,Dietary,/shop/chocolate-bar/
cocoa health benefits,Chocolate & Cacao,1600,0.92,19,,LOW,Wellness,/shop/chocolate-bar/
benefits of dark chocolate for women,Chocolate & Cacao,1600,0.19,20,,LOW,Wellness,/shop/chocolate-bar/
paleo friendly chocolate,Chocolate & Cacao,1600,0.68,3,,LOW,Dietary,/shop/chocolate-bar/
cacao powder nutrients,Chocolate & Cacao,1600,0.5,57,,LOW,,/shop/chocolate-bar/
cacao powder nutritional value,Chocolate & Cacao,1600,0.5,57,,LOW,,/shop/chocolate-bar/
choczero sugar free chocolate chips,Chocolate & Cacao,1600,0.72,11,,LOW,,/shop/chocolate-bar/
hot chocolate on keto,Chocolate & Cacao,1600,0.66,100,,LOW,Dietary,/shop/chocolate-bar/
nutrition of cacao powder,Chocolate & Cacao,1600,0.5,57,,LOW,,/shop/chocolate-bar/
nutritional value cacao powder,Chocolate & Cacao,1600,0.5,57,,LOW,,/shop/chocolate-bar/
fruition chocolates,Chocolate & Cacao,1300,2.05,47,,LOW,,/shop/chocolate-bar/
cacao beans for sale,Chocolate & Cacao,1300,0.77,100,,LOW,,/shop/chocolate-bar/
buy cacao beans,Chocolate & Cacao,1300,0.77,100,,LOW,,/shop/chocolate-bar/
taza dark chocolate,Chocolate & Cacao,1300,1.29,100,,LOW,,/shop/chocolate-bar/
chocolove dark chocolate,Chocolate & Cacao,1300,0.79,100,,LOW,,/shop/chocolate-bar/
90 dark chocolate,Chocolate & Cacao,1300,0.35,100,,LOW,,/shop/chocolate-bar/
dark chocolate twix,Chocolate & Cacao,1300,0.31,44,,LOW,,/shop/chocolate-bar/
lindt 90 dark chocolate,Chocolate & Cacao,1300,0.35,100,,LOW,,/shop/chocolate-bar/
lindt 85 dark chocolate,Chocolate & Cacao,1300,0.31,100,,LOW,,/shop/chocolate-bar/
big chocolate bar,Chocolate & Cacao,1300,0.36,86,,LOW,,/shop/chocolate-bar/
dark milk chocolate,Chocolate & Cacao,1300,0.64,87,,LOW,,/shop/chocolate-bar/
non alkalized cocoa powder,Chocolate & Cacao,1300,0.75,96,,LOW,,/shop/chocolate-bar/
tony's dark chocolate,Chocolate & Cacao,1300,0.26,100,,LOW,,/shop/chocolate-bar/
100 cacao powder,Chocolate & Cacao,1300,0.6,100,,LOW,,/shop/chocolate-bar/
chocolate coconut bars,Chocolate & Cacao,1300,0.34,91,,LOW,,/shop/chocolate-bar/
organic fair trade cacao powder,Chocolate & Cacao,1300,0.61,65,,LOW,Ethical Sourcing,/shop/chocolate-bar/
ghirardelli unsweetened cocoa,Chocolate & Cacao,1300,0.4,99,,LOW,,/shop/chocolate-bar/
chocolate bean coffee,Chocolate & Cacao,1300,0.83,100,,LOW,,/shop/chocolate-bar/
ghirardelli unsweetened cocoa powder,Chocolate & Cacao,1300,0.4,99,,LOW,,/shop/chocolate-bar/
caramel dark chocolate,Chocolate & Cacao,1300,0.51,100,,LOW,,/shop/chocolate-bar/
non alkalized cocoa,Chocolate & Cacao,1300,0.75,96,,LOW,,/shop/chocolate-bar/
tony's chocolonely 70 dark chocolate bar,Chocolate & Cacao,1300,0.13,41,,LOW,,/shop/chocolate-bar/
caramel and dark chocolate,Chocolate & Cacao,1300,0.51,100,,LOW,,/shop/chocolate-bar/
cocoa powder and milk,Chocolate & Cacao,1300,0.25,99,,LOW,,/shop/chocolate-bar/
cocoa powder for milk,Chocolate & Cacao,1300,0.25,99,,LOW,,/shop/chocolate-bar/
dark and milk chocolate,Chocolate & Cacao,1300,0.64,87,,LOW,,/shop/chocolate-bar/
lindt chocolate dark 90,Chocolate & Cacao,1300,0.35,100,,LOW,,/shop/chocolate-bar/
lindt excellence 85 cocoa dark chocolate,Chocolate & Cacao,1300,0.37,32,,LOW,,/shop/chocolate-bar/
lindt excellence 90 dark chocolate,Chocolate & Cacao,1300,0.35,100,,LOW,,/shop/chocolate-bar/
lindt excellence dark chocolate bar,Chocolate & Cacao,1300,0.27,9,,LOW,,/shop/chocolate-bar/
non alkalized chocolate,Chocolate & Cacao,1300,0.75,96,,LOW,,/shop/chocolate-bar/
pure cacao,Chocolate & Cacao,1300,1.72,99,,LOW,,/shop/chocolate-bar/
raw cacao powder benefits,Chocolate & Cacao,1300,1.34,89,,LOW,Wellness,/shop/chocolate-bar/
health benefits of cacao powder,Chocolate & Cacao,1300,0.36,32,,LOW,Wellness,/shop/chocolate-bar/
pure cacao butter,Chocolate & Cacao,1300,0.8,100,,LOW,,/shop/chocolate-bar/
best chocolate to gift,Chocolate & Cacao,1300,3.34,100,,LOW,Gifting/DTC,/shop/chocolate-bar/
low carb chocolate,Chocolate & Cacao,1300,0.83,100,,LOW,,/shop/chocolate-bar/
keto chocolate chips,Chocolate & Cacao,1300,0.42,100,,LOW,Dietary,/shop/chocolate-bar/
no carb chocolate,Chocolate & Cacao,1300,0.83,100,,LOW,,/shop/chocolate-bar/
vegan chocolate brands,Chocolate & Cacao,1300,0.52,85,,LOW,Dietary,/shop/chocolate-bar/
keto chocolate chip,Chocolate & Cacao,1300,0.42,100,,LOW,Dietary,/shop/chocolate-bar/
dark chocolate for weight loss,Chocolate & Cacao,1300,0.55,54,,LOW,,/shop/chocolate-bar/
paleo chocolate bars,Chocolate & Cacao,1300,0.32,100,,LOW,Dietary,/shop/chocolate-bar/
low carb cocoa,Chocolate & Cacao,1300,0.83,100,,LOW,,/shop/chocolate-bar/
benefit of raw cocoa powder,Chocolate & Cacao,1300,1.34,89,,LOW,Wellness,/shop/chocolate-bar/
black chocolate for weight loss,Chocolate & Cacao,1300,0.55,54,,LOW,,/shop/chocolate-bar/
chocolate low in carbs,Chocolate & Cacao,1300,0.83,100,,LOW,,/shop/chocolate-bar/
chocolate on low carb diet,Chocolate & Cacao,1300,0.83,100,,LOW,,/shop/chocolate-bar/
dark chocolate and weight loss,Chocolate & Cacao,1300,0.55,54,,LOW,,/shop/chocolate-bar/
dark chocolate in weight loss,Chocolate & Cacao,1300,0.55,54,,LOW,,/shop/chocolate-bar/
nutrients in dark chocolate,Chocolate & Cacao,1300,0.79,49,,LOW,,/shop/chocolate-bar/
nutritional benefits of cacao powder,Chocolate & Cacao,1300,0.36,32,,LOW,Wellness,/shop/chocolate-bar/
nutritional content of dark chocolate,Chocolate & Cacao,1300,0.79,49,,LOW,,/shop/chocolate-bar/
raw cocoa powder benefits,Chocolate & Cacao,1300,1.34,89,,LOW,Wellness,/shop/chocolate-bar/
ancient maya chocolate,Chocolate & Cacao,1000,0.67,63,,LOW,,/shop/chocolate-bar/
chocolate in mayan,Chocolate & Cacao,1000,0.67,63,,LOW,Origin Story,/shop/chocolate-bar/
maya and chocolate,Chocolate & Cacao,1000,0.67,63,,LOW,,/shop/chocolate-bar/
mayan civilization chocolate,Chocolate & Cacao,1000,0.67,63,,LOW,Origin Story,/shop/chocolate-bar/
mayan cocoa,Chocolate & Cacao,1000,0.67,63,,LOW,Origin Story,/shop/chocolate-bar/
mayan food chocolate,Chocolate & Cacao,1000,0.67,63,,LOW,Origin Story,/shop/chocolate-bar/
artisan chocolate bar,Chocolate & Cacao,1000,1.4,100,,LOW,,/shop/chocolate-bar/
mast dark chocolate,Chocolate & Cacao,1000,3.29,99,,LOW,,/shop/chocolate-bar/
best dark chocolate bars,Chocolate & Cacao,1000,0.72,100,,LOW,,/shop/chocolate-bar/
dark chocolate without sugar,Chocolate & Cacao,1000,0.68,100,,LOW,,/shop/chocolate-bar/
hu simple dark chocolate,Chocolate & Cacao,1000,1.32,100,,LOW,,/shop/chocolate-bar/
justin's dark chocolate peanut butter cups,Chocolate & Cacao,1000,0.54,100,,LOW,,/shop/chocolate-bar/
theo dark chocolate,Chocolate & Cacao,1000,0.76,100,,LOW,,/shop/chocolate-bar/
artisan chocolate bars,Chocolate & Cacao,1000,1.4,100,,LOW,,/shop/chocolate-bar/
unreal dark chocolate,Chocolate & Cacao,1000,0.6,100,,LOW,,/shop/chocolate-bar/
baking cocoa powder,Chocolate & Cacao,1000,0.3,99,,LOW,,/shop/chocolate-bar/
dark chocolate coconut bars,Chocolate & Cacao,1000,0.32,100,,LOW,,/shop/chocolate-bar/
alkalized cocoa powder,Chocolate & Cacao,1000,2.09,56,,LOW,,/shop/chocolate-bar/
terrasoul cacao powder,Chocolate & Cacao,1000,0.28,100,,LOW,,/shop/chocolate-bar/
black cocoa powder nearby,Chocolate & Cacao,1000,0.24,97,,LOW,,/shop/chocolate-bar/
rodelle cocoa powder,Chocolate & Cacao,1000,0.22,100,,LOW,,/shop/chocolate-bar/
ghirardelli dark chocolate bar,Chocolate & Cacao,1000,1,100,,LOW,,/shop/chocolate-bar/
special dark cocoa powder,Chocolate & Cacao,1000,0.13,96,,LOW,,/shop/chocolate-bar/
raspberry chocolate bar,Chocolate & Cacao,1000,0.25,90,,LOW,,/shop/chocolate-bar/
cocoa powder publix,Chocolate & Cacao,1000,0.63,99,,LOW,,/shop/chocolate-bar/
chocolate almond bars,Chocolate & Cacao,1000,0.25,97,,LOW,,/shop/chocolate-bar/
cocoa and cacao,Chocolate & Cacao,1000,0.43,38,,LOW,,/shop/chocolate-bar/
brookside dark chocolate acai and blueberry,Chocolate & Cacao,1000,0.31,99,,LOW,,/shop/chocolate-bar/
cocoa powder target,Chocolate & Cacao,1000,0.06,92,,LOW,,/shop/chocolate-bar/
cacao powder publix,Chocolate & Cacao,1000,0.63,99,,LOW,,/shop/chocolate-bar/
benefits raw cacao,Chocolate & Cacao,1000,1.18,74,,LOW,Wellness,/shop/chocolate-bar/
brookside dark chocolate acai with blueberry,Chocolate & Cacao,1000,0.31,99,,LOW,,/shop/chocolate-bar/
cadbury's dark chocolate,Chocolate & Cacao,1000,0.24,95,,LOW,,/shop/chocolate-bar/
chocolate raspberry squares,Chocolate & Cacao,1000,0.25,90,,LOW,,/shop/chocolate-bar/
cocoa powder for health,Chocolate & Cacao,1000,0.58,34,,LOW,Wellness,/shop/chocolate-bar/
coconut and dark chocolate bars,Chocolate & Cacao,1000,0.32,100,,LOW,,/shop/chocolate-bar/
dark chocolate and coconut bars,Chocolate & Cacao,1000,0.32,100,,LOW,,/shop/chocolate-bar/
lindt excellence 70 dark chocolate,Chocolate & Cacao,1000,0.48,58,,LOW,,/shop/chocolate-bar/
lindt excellence 85 dark chocolate,Chocolate & Cacao,1000,0.34,43,,LOW,,/shop/chocolate-bar/
mast organic dark chocolate 80 cocoa,Chocolate & Cacao,1000,2.84,81,,LOW,Ethical Sourcing,/shop/chocolate-bar/
raw cacao benefits,Chocolate & Cacao,1000,1.18,74,,LOW,Wellness,/shop/chocolate-bar/
cacao powder terrasoul,Chocolate & Cacao,1000,0.28,100,,LOW,,/shop/chocolate-bar/
lindt chocolate box gift,Chocolate & Cacao,1000,0.71,79,,LOW,Gifting/DTC,/shop/chocolate-bar/
lindt oat milk chocolate,Chocolate & Cacao,1000,0.39,100,,LOW,,/shop/chocolate-bar/
health benefits of cocoa powder,Chocolate & Cacao,1000,0.58,34,,LOW,Wellness,/shop/chocolate-bar/
dark chocolate and cholesterol,Chocolate & Cacao,1000,0.95,10,,LOW,,/shop/chocolate-bar/
pure cacao benefits,Chocolate & Cacao,1000,1.18,74,,LOW,Wellness,/shop/chocolate-bar/
benefit of raw cocoa,Chocolate & Cacao,1000,1.18,74,,LOW,Wellness,/shop/chocolate-bar/
benefits of pure cacao,Chocolate & Cacao,1000,1.18,74,,LOW,Wellness,/shop/chocolate-bar/
benefits of raw cacao beans,Chocolate & Cacao,1000,1.18,74,,LOW,Wellness,/shop/chocolate-bar/
benefits of raw chocolate,Chocolate & Cacao,1000,1.18,74,,LOW,Wellness,/shop/chocolate-bar/
dark chocolate for cholesterol,Chocolate & Cacao,1000,0.95,10,,LOW,,/shop/chocolate-bar/
dark chocolate side effects,Chocolate & Cacao,1000,2.2,2,,LOW,,/shop/chocolate-bar/
nutritional content of cocoa powder,Chocolate & Cacao,1000,0.34,17,,LOW,,/shop/chocolate-bar/
cocoa bean husk tea,Chocolate & Cacao,880,0.82,95,,LOW,,/shop/cacao-husk-tea/
hot chocolate set,Chocolate & Cacao,880,0.77,96,,LOW,,/shop/chocolate-bar/
hot cocoa set,Chocolate & Cacao,880,0.77,96,,LOW,,/shop/chocolate-bar/
gourmet truffles chocolate,Chocolate & Cacao,880,1.6,95,,LOW,,/shop/chocolate-bar/
large chocolate boxes,Chocolate & Cacao,880,0.91,99,,LOW,Gifting/DTC,/shop/chocolate-bar/
ghirardelli chocolate box,Chocolate & Cacao,880,0.58,100,,LOW,Gifting/DTC,/shop/chocolate-bar/
hot cocoa in a jar,Chocolate & Cacao,880,0.61,100,,LOW,,/shop/chocolate-bar/
biggest chocolate box,Chocolate & Cacao,880,0.91,99,,LOW,Gifting/DTC,/shop/chocolate-bar/
vegan milk chocolate,Chocolate & Cacao,880,0.91,100,,LOW,Dietary,/shop/chocolate-bar/
lindt vegan chocolate,Chocolate & Cacao,880,0.38,100,,LOW,Dietary,/shop/chocolate-bar/
best dark chocolate for weight loss,Chocolate & Cacao,880,0.4,100,,LOW,,/shop/chocolate-bar/
keto friendly chocolate chips,Chocolate & Cacao,880,0.35,84,,LOW,Dietary,/shop/chocolate-bar/
lindt dairy free chocolate,Chocolate & Cacao,880,0.54,100,,LOW,,/shop/chocolate-bar/
benefits of cocoa butter,Chocolate & Cacao,880,0.68,23,,LOW,Wellness,/shop/chocolate-bar/
cacao butter benefits,Chocolate & Cacao,880,0.68,23,,LOW,Wellness,/shop/chocolate-bar/
cacao benefits for female,Chocolate & Cacao,880,0.94,45,,LOW,Wellness,/shop/chocolate-bar/
cacao benefits for male,Chocolate & Cacao,880,2.73,32,,LOW,Wellness,/shop/chocolate-bar/
benefit of hot cocoa,Chocolate & Cacao,880,1.05,6,,LOW,Wellness,/shop/chocolate-bar/
benefits of hot cocoa,Chocolate & Cacao,880,1.05,6,,LOW,Wellness,/shop/chocolate-bar/
cocoa fruit benefits,Chocolate & Cacao,880,0.59,19,,LOW,Wellness,/shop/chocolate-bar/
dark chocolate antioxidants,Chocolate & Cacao,880,0.63,16,,LOW,Wellness,/shop/chocolate-bar/
dark chocolate can lower blood pressure,Chocolate & Cacao,880,0.29,5,,LOW,,/shop/chocolate-bar/
dark chocolate good for weight loss,Chocolate & Cacao,880,0.4,100,,LOW,,/shop/chocolate-bar/
dark chocolate is good for your heart,Chocolate & Cacao,880,1.48,10,,LOW,,/shop/chocolate-bar/
good dark chocolate for weight loss,Chocolate & Cacao,880,0.4,100,,LOW,,/shop/chocolate-bar/
hot cocoa drink benefits,Chocolate & Cacao,880,1.05,6,,LOW,Wellness,/shop/chocolate-bar/
single origin chocolate,Chocolate & Cacao,720,2.1,100,,LOW,Origin Story,/shop/chocolate-bar/
dandelion chocolate tours,Chocolate & Cacao,720,0.42,38,,LOW,,/shop/chocolate-bar/
organic cacao beans,Chocolate & Cacao,720,0.78,100,,LOW,Ethical Sourcing,/shop/chocolate-bar/
cacao beans whole foods,Chocolate & Cacao,720,0.43,98,,LOW,,/shop/chocolate-bar/
hot chocolate box,Chocolate & Cacao,720,0.28,92,,LOW,Gifting/DTC,/shop/chocolate-bar/
hot chocolate boxes,Chocolate & Cacao,720,0.28,92,,LOW,Gifting/DTC,/shop/chocolate-bar/
chocolate set for gift,Chocolate & Cacao,720,2.6,100,,LOW,Gifting/DTC,/shop/chocolate-bar/
good chocolate boxes,Chocolate & Cacao,720,2.7,100,,LOW,Gifting/DTC,/shop/chocolate-bar/
hot chocolate in a box,Chocolate & Cacao,720,0.28,92,,LOW,Gifting/DTC,/shop/chocolate-bar/
choczero dark chocolate,Chocolate & Cacao,720,0.42,99,,LOW,,/shop/chocolate-bar/
keto friendly dark chocolate,Chocolate & Cacao,720,0.57,84,,LOW,Dietary,/shop/chocolate-bar/
benefits of eating dark chocolate,Chocolate & Cacao,720,0.29,19,,LOW,Wellness,/shop/chocolate-bar/
dark chocolate on keto,Chocolate & Cacao,720,0.6,86,,LOW,Dietary,/shop/chocolate-bar/
organic cacao powder benefits,Chocolate & Cacao,720,0.7,95,,LOW,"Wellness, Ethical Sourcing",/shop/chocolate-bar/
plant based chocolate bars,Chocolate & Cacao,720,0.52,100,,LOW,,/shop/chocolate-bar/
dark chocolate good for you,Chocolate & Cacao,720,0.25,19,,LOW,,/shop/chocolate-bar/
organic cocoa powder benefits,Chocolate & Cacao,720,0.7,95,,LOW,"Wellness, Ethical Sourcing",/shop/chocolate-bar/
advantage of eating dark chocolate,Chocolate & Cacao,720,0.29,19,,LOW,,/shop/chocolate-bar/
antioxidants in cacao powder,Chocolate & Cacao,720,0.66,11,,LOW,Wellness,/shop/chocolate-bar/
benefits of eating black chocolate,Chocolate & Cacao,720,0.29,19,,LOW,Wellness,/shop/chocolate-bar/
benefits of organic cocoa,Chocolate & Cacao,720,0.7,95,,LOW,"Wellness, Ethical Sourcing",/shop/chocolate-bar/
black chocolate good for health,Chocolate & Cacao,720,0.25,19,,LOW,Wellness,/shop/chocolate-bar/
cacao benefits for men,Chocolate & Cacao,720,1.11,30,,LOW,Wellness,/shop/chocolate-bar/
carbs dark chocolate,Chocolate & Cacao,720,0.37,49,,LOW,,/shop/chocolate-bar/
cocoa benefits for men,Chocolate & Cacao,720,1.11,30,,LOW,Wellness,/shop/chocolate-bar/
dark chocolate and brain health,Chocolate & Cacao,720,0.56,5,,LOW,Wellness,/shop/chocolate-bar/
dark chocolate and keto,Chocolate & Cacao,720,0.6,86,,LOW,Dietary,/shop/chocolate-bar/
dark chocolate and keto diet,Chocolate & Cacao,720,0.6,86,,LOW,Dietary,/shop/chocolate-bar/
dark chocolate brain health,Chocolate & Cacao,720,0.56,5,,LOW,Wellness,/shop/chocolate-bar/
dark chocolate eating benefits,Chocolate & Cacao,720,0.29,19,,LOW,Wellness,/shop/chocolate-bar/
dark chocolate for keto diet,Chocolate & Cacao,720,0.6,86,,LOW,Dietary,/shop/chocolate-bar/
dark chocolate good for health,Chocolate & Cacao,720,0.25,19,,LOW,Wellness,/shop/chocolate-bar/
dark chocolate good for u,Chocolate & Cacao,720,0.25,19,,LOW,,/shop/chocolate-bar/
dark chocolate healthy for you,Chocolate & Cacao,720,0.25,19,,LOW,Wellness,/shop/chocolate-bar/
dark chocolate in keto,Chocolate & Cacao,720,0.6,86,,LOW,Dietary,/shop/chocolate-bar/
dark chocolate in keto diet,Chocolate & Cacao,720,0.6,86,,LOW,Dietary,/shop/chocolate-bar/
dark chocolate is good for weight loss,Chocolate & Cacao,720,1.12,3,,LOW,,/shop/chocolate-bar/
dark chocolate keto diet,Chocolate & Cacao,720,0.6,86,,LOW,Dietary,/shop/chocolate-bar/
dark chocolate on keto diet,Chocolate & Cacao,720,0.6,86,,LOW,Dietary,/shop/chocolate-bar/
keto and dark chocolate,Chocolate & Cacao,720,0.6,86,,LOW,Dietary,/shop/chocolate-bar/
organic cacao benefits,Chocolate & Cacao,720,0.7,95,,LOW,"Wellness, Ethical Sourcing",/shop/chocolate-bar/
christmas chocolate boxes,Chocolate & Cacao,590,0.52,82,,LOW,Gifting/DTC,/shop/chocolate-bar/
ferrero chocolate box,Chocolate & Cacao,590,0.4,100,,LOW,Gifting/DTC,/shop/chocolate-bar/
xmas chocolate boxes,Chocolate & Cacao,590,0.52,82,,LOW,Gifting/DTC,/shop/chocolate-bar/
best chocolate box for gift,Chocolate & Cacao,590,2.62,100,,LOW,Gifting/DTC,/shop/chocolate-bar/
chocolate xmas box,Chocolate & Cacao,590,0.52,82,,LOW,Gifting/DTC,/shop/chocolate-bar/
gift ideas with hot chocolate,Chocolate & Cacao,590,0.3,100,,LOW,Gifting/DTC,/shop/chocolate-bar/
low carb hot chocolate,Chocolate & Cacao,590,0.41,100,,LOW,,/shop/chocolate-bar/
low carb chocolate chips,Chocolate & Cacao,590,0.5,100,,LOW,,/shop/chocolate-bar/
ceremonial cacao benefits,Chocolate & Cacao,590,2.24,100,,LOW,Wellness,/shop/chocolate-bar/
choczero dark chocolate chips,Chocolate & Cacao,590,0.75,87,,LOW,,/shop/chocolate-bar/
low carb hot cocoa,Chocolate & Cacao,590,0.41,100,,LOW,,/shop/chocolate-bar/
hershey's plant based chocolate,Chocolate & Cacao,590,0.21,100,,LOW,,/shop/chocolate-bar/
no carb hot chocolate,Chocolate & Cacao,590,0.41,100,,LOW,,/shop/chocolate-bar/
lmnt hot chocolate,Chocolate & Cacao,590,0.68,100,,LOW,,/shop/chocolate-bar/
low carb chocolate chip,Chocolate & Cacao,590,0.5,100,,LOW,,/shop/chocolate-bar/
chocolate chips low carb,Chocolate & Cacao,590,0.5,100,,LOW,,/shop/chocolate-bar/
mayan hot chocolate,Chocolate & Cacao,480,0.92,48,0,LOW,Origin Story,/shop/chocolate-bar/
hot chocolate mayan,Chocolate & Cacao,480,0.92,48,,LOW,Origin Story,/shop/chocolate-bar/
maya hot chocolate,Chocolate & Cacao,480,0.92,48,,LOW,,/shop/chocolate-bar/
cacao chips,Chocolate & Cacao,390,0.54,100,,LOW,,/shop/chocolate-bar/
raw cacao paste,Chocolate & Cacao,390,1.49,100,,LOW,,/shop/chocolate-bar/
navitas organic cacao,Chocolate & Cacao,390,0.79,100,,LOW,Ethical Sourcing,/shop/chocolate-bar/
bean to bar,Chocolate & Cacao,320,1.58,91,,LOW,,/shop/chocolate-bar/
cocoa husk,Chocolate & Cacao,320,2.25,31,,LOW,,/shop/cacao-husk-tea/
handcrafted chocolate bars,Chocolate & Cacao,320,0.62,99,,LOW,,/shop/chocolate-bar/
honduras chocolate,Chocolate & Cacao,260,2.1,45,0,LOW,Origin Story,/shop/chocolate-bar/
mayan cacao,Chocolate & Cacao,260,1.31,94,0,LOW,Origin Story,/shop/chocolate-bar/
origins chocolate,Chocolate & Cacao,260,2.41,29,,LOW,,/shop/chocolate-bar/
artisanal dark chocolate,Chocolate & Cacao,260,3.68,99,,LOW,,/shop/chocolate-bar/
hu chocolate cashew butter,Chocolate & Cacao,210,0.59,100,,LOW,,/shop/chocolate-bar/
dandelion chocolate bars,Chocolate & Cacao,210,1.67,99,,LOW,,/shop/chocolate-bar/
dandelion chocolate hot chocolate mix,Chocolate & Cacao,210,2.14,69,,LOW,,/shop/chocolate-bar/
maya moon cacao,Chocolate & Cacao,210,1.67,99,,LOW,,/shop/chocolate-bar/
mayan drinking chocolate,Chocolate & Cacao,210,2.2,40,0,LOW,Origin Story,/shop/chocolate-bar/
organic cacao paste,Chocolate & Cacao,210,1.7,100,,LOW,Ethical Sourcing,/shop/chocolate-bar/
whole cacao beans,Chocolate & Cacao,210,0.66,100,,LOW,,/shop/chocolate-bar/
organic raw cacao beans,Chocolate & Cacao,210,1.25,99,,LOW,Ethical Sourcing,/shop/chocolate-bar/
bean to bar chocolate near me,Chocolate & Cacao,170,0.5,61,,LOW,,/shop/chocolate-bar/
raw cacao beans for sale,Chocolate & Cacao,170,0.74,100,,LOW,,/shop/chocolate-bar/
navitas cacao butter,Chocolate & Cacao,170,1.02,100,,LOW,,/shop/chocolate-bar/
navitas organic cacao butter,Chocolate & Cacao,170,0.44,65,,LOW,Ethical Sourcing,/shop/chocolate-bar/
dandelion chocolate hot chocolate,Chocolate & Cacao,140,2.37,88,,LOW,,/shop/chocolate-bar/
mayan chocolate bar,Chocolate & Cacao,140,0.16,98,,LOW,Origin Story,/shop/chocolate-bar/
cocoa husk tea,Chocolate & Cacao,140,1.1,100,,LOW,,/shop/cacao-husk-tea/
chocolate husk tea,Chocolate & Cacao,140,1.1,100,,LOW,,/shop/cacao-husk-tea/
unroasted cacao beans,Chocolate & Cacao,140,0.73,100,,LOW,,/shop/chocolate-bar/
craft chocolate bar,Chocolate & Cacao,110,0.67,96,,LOW,,/shop/chocolate-bar/
dandelion chocolate locations,Chocolate & Cacao,110,1.76,39,,LOW,,/shop/chocolate-bar/
chocolate de honduras,Chocolate & Cacao,110,0.01,18,,LOW,Origin Story,/shop/chocolate-bar/
single origin cocoa beans,Chocolate & Cacao,110,4.67,48,,LOW,Origin Story,/shop/chocolate-bar/
cacao husk,Chocolate & Cacao,110,0.52,50,,LOW,,/shop/cacao-husk-tea/
organic coffee,Coffee — General,60500,2.42,100,0,HIGH — Broad,Ethical Sourcing,Homepage or /shop/
specialty coffee,Coffee — General,49500,1.3,23,9,HIGH — Broad,,Homepage or /shop/
single origin coffee beans,Coffee — General,12100,3.14,67,2,HIGH — Broad,Origin Story,Homepage or /shop/
organic coffee beans,Coffee — General,12100,2.86,99,0,HIGH — Broad,Ethical Sourcing,Homepage or /shop/
single origin coffee,Coffee — General,9900,2.87,62,7,HIGH — Niche,Origin Story,Homepage or /shop/
fair trade coffee,Coffee — General,9900,5.39,55,13,HIGH — Niche,Ethical Sourcing,Homepage or /shop/
small batch coffee,Coffee — General,6600,5.03,16,0,HIGH — Niche,,Homepage or /shop/
gourmet coffee,Coffee — General,6600,4.02,76,0,HIGH — Niche,,Homepage or /shop/
small batch roasted coffee,Coffee — General,2900,4.65,78,0,HIGH — Niche,,Homepage or /shop/
and specialty coffee,Coffee — General,49500,1.3,23,,LOW,,Homepage or /shop/
specialty coffee near me,Coffee — General,33100,0.31,33,,LOW,,Homepage or /shop/
specialty coffee shop,Coffee — General,18100,0.26,1,,LOW,,Homepage or /shop/
taty's specialty coffee & tea,Coffee — General,18100,0.38,3,,LOW,,Homepage or /shop/
usda organic coffee,Coffee — General,14800,1.06,41,,LOW,Ethical Sourcing,Homepage or /shop/
usda certified organic coffee,Coffee — General,14800,1.06,41,,LOW,Ethical Sourcing,Homepage or /shop/
single source coffee beans,Coffee — General,12100,3.14,67,,LOW,,Homepage or /shop/
single origin beans,Coffee — General,12100,3.14,67,,LOW,Origin Story,Homepage or /shop/
bon specialty coffee,Coffee — General,12100,1.01,4,,LOW,,Homepage or /shop/
shotted specialty coffee,Coffee — General,12100,0.07,7,,LOW,,Homepage or /shop/
whole bean coffee,Coffee — General,9900,2.95,100,,LOW,,Homepage or /shop/
ninja specialty coffeemaker,Coffee — General,9900,0.53,100,,LOW,,Homepage or /shop/
starbucks whole bean coffee,Coffee — General,6600,1.21,100,,LOW,,Homepage or /shop/
specialty coffee companies,Coffee — General,6600,2.38,20,,LOW,,Homepage or /shop/
coffee gourmet coffee,Coffee — General,6600,4.02,76,,LOW,,Homepage or /shop/
priscilla's gourmet coffee tea & gifts,Coffee — General,6600,1.52,4,,LOW,Gifting/DTC,Homepage or /shop/
lavazza whole bean coffee,Coffee — General,5400,0.76,54,,LOW,,Homepage or /shop/
specialty coffee roasters,Coffee — General,5400,2.4,16,,LOW,,Homepage or /shop/
speciality coffee roasters,Coffee — General,5400,2.4,16,,LOW,,Homepage or /shop/
organic coffee cold brew,Coffee — General,5400,0.72,48,,LOW,Ethical Sourcing,Homepage or /shop/
red leaf organic coffee,Coffee — General,5400,0.26,5,,LOW,Ethical Sourcing,Homepage or /shop/
best organic coffee,Coffee — General,3600,2.23,100,,LOW,Ethical Sourcing,Homepage or /shop/
best whole bean coffee,Coffee — General,3600,1.97,100,,LOW,,Homepage or /shop/
gourmet coffee beans,Coffee — General,3600,4.24,44,,LOW,,Homepage or /shop/
good whole bean coffee,Coffee — General,3600,1.97,100,,LOW,,Homepage or /shop/
lavazza super crema whole bean coffee,Coffee — General,3600,0.63,57,,LOW,,Homepage or /shop/
good organic coffee,Coffee — General,3600,2.23,100,,LOW,Ethical Sourcing,Homepage or /shop/
best rated organic coffee,Coffee — General,3600,2.23,100,,LOW,Ethical Sourcing,Homepage or /shop/
best rated whole bean coffee,Coffee — General,3600,1.97,100,,LOW,,Homepage or /shop/
great whole bean coffee,Coffee — General,3600,1.97,100,,LOW,,Homepage or /shop/
whole bean coffee beans,Coffee — General,3600,2.78,100,,LOW,,Homepage or /shop/
bean gourmet coffee,Coffee — General,3600,4.24,44,,LOW,,Homepage or /shop/
island gourmet coffee,Coffee — General,3600,0.11,1,,LOW,,Homepage or /shop/
mudhouse specialty coffee roasters,Coffee — General,3600,0.12,2,,LOW,,Homepage or /shop/
specialty coffee cafe,Coffee — General,3600,0,0,,LOW,,Homepage or /shop/
specialty coffee house,Coffee — General,3600,0,0,,LOW,,Homepage or /shop/
ninja dualbrew pro specialty coffee system,Coffee — General,2900,0.86,36,,LOW,,Homepage or /shop/
decaf whole bean coffee,Coffee — General,2900,2.12,100,,LOW,,Homepage or /shop/
decaffeinated whole bean coffee,Coffee — General,2900,2.12,100,,LOW,,Homepage or /shop/
specialty coffee shops near me,Coffee — General,2900,0.35,22,,LOW,,Homepage or /shop/
sharp specialty coffee,Coffee — General,2900,0.47,2,,LOW,,Homepage or /shop/
specialty coffee brand,Coffee — General,2900,2.4,14,,LOW,,Homepage or /shop/
specialty coffee beans,Coffee — General,2400,3.19,100,,LOW,,Homepage or /shop/
whole bean coffee near me,Coffee — General,2400,0.98,100,,LOW,,Homepage or /shop/
illy whole bean coffee,Coffee — General,2400,1.43,26,,LOW,,Homepage or /shop/
alice good specialty coffee,Coffee — General,2400,0.23,3,,LOW,,Homepage or /shop/
gourmet coffee near me,Coffee — General,1900,0.63,44,,LOW,,Homepage or /shop/
manatee gourmet coffee,Coffee — General,1900,0.47,95,,LOW,,Homepage or /shop/
specialty coffee association,Coffee — General,1900,3.51,2,,LOW,,Homepage or /shop/
gourmet coffee syrup,Coffee — General,1900,2.04,100,,LOW,,Homepage or /shop/
brickhouse gourmet coffee & tea co,Coffee — General,1900,0.61,3,,LOW,,Homepage or /shop/
organic coffee cafe,Coffee — General,1900,0.25,12,,LOW,Ethical Sourcing,Homepage or /shop/
organic coffee shops,Coffee — General,1900,0.25,12,,LOW,Ethical Sourcing,Homepage or /shop/
priscilla's gourmet coffee,Coffee — General,1900,1.47,2,,LOW,,Homepage or /shop/
scaa specialty coffee,Coffee — General,1900,3.51,2,,LOW,,Homepage or /shop/
specialty coffee assoc,Coffee — General,1900,3.51,2,,LOW,,Homepage or /shop/
zumbach's gourmet coffee,Coffee — General,1900,0.46,3,,LOW,,Homepage or /shop/
costco organic coffee,Coffee — General,1600,0.23,99,,LOW,Ethical Sourcing,Homepage or /shop/
certified organic coffee,Coffee — General,1300,0.97,99,,LOW,Ethical Sourcing,Homepage or /shop/
bustelo whole bean coffee,Coffee — General,1300,0.68,100,,LOW,,Homepage or /shop/
cafe bustelo whole bean coffee,Coffee — General,1300,0.68,100,,LOW,,Homepage or /shop/
whole foods whole bean coffee,Coffee — General,1300,1.25,100,,LOW,,Homepage or /shop/
costco whole bean coffee,Coffee — General,1300,0.49,96,,LOW,,Homepage or /shop/
100 organic coffee,Coffee — General,1300,7.4,24,,LOW,Ethical Sourcing,Homepage or /shop/
guillermo's gourmet coffee,Coffee — General,1300,0.09,3,,LOW,,Homepage or /shop/
organic whole bean coffee,Coffee — General,1000,3.39,100,,LOW,Ethical Sourcing,Homepage or /shop/
whole bean organic coffee,Coffee — General,1000,3.39,100,,LOW,Ethical Sourcing,Homepage or /shop/
elijah's specialty coffee and tea,Coffee — General,1000,1.14,2,,LOW,,Homepage or /shop/
whole bean coffee organic,Coffee — General,1000,3.39,100,,LOW,Ethical Sourcing,Homepage or /shop/
direct trade coffee,Coffee — General,880,3.13,38,,LOW,Ethical Sourcing,Homepage or /shop/
single origin coffee near me,Coffee — General,720,0.33,47,,LOW,Origin Story,Homepage or /shop/
small batch roasted coffee beans,Coffee — General,590,5.13,86,,LOW,,Homepage or /shop/
small coffee roaster,Coffee — General,320,1.37,100,,LOW,,Homepage or /shop/
organic single origin coffee,Coffee — General,320,3.85,100,,LOW,"Ethical Sourcing, Origin Story",Homepage or /shop/
ethiopian single origin coffee,Coffee — General,320,3.78,100,,LOW,Origin Story,Homepage or /shop/
ethiopia single origin coffee,Coffee — General,320,3.78,100,,LOW,Origin Story,Homepage or /shop/
organic single source coffee,Coffee — General,320,3.85,100,,LOW,Ethical Sourcing,Homepage or /shop/
origins coffee roasters,Coffee — General,320,0,24,,LOW,,Homepage or /shop/
best single origin coffee,Coffee — General,260,4.32,100,,LOW,Origin Story,Homepage or /shop/
best single source coffee,Coffee — General,260,4.32,100,,LOW,,Homepage or /shop/
single origin coffee starbucks,Coffee — General,210,0.83,86,,LOW,Origin Story,Homepage or /shop/
single source coffee,Coffee — General,170,3.56,100,,LOW,,Homepage or /shop/
single origin coffee roasters,Coffee — General,170,5.09,54,,LOW,Origin Story,Homepage or /shop/
single origin specialty coffee,Coffee — General,140,4.03,24,0,LOW,Origin Story,Homepage or /shop/
honduras coffee,Coffee — Honduras Origin,1600,1.55,100,0,HIGH — Niche,Origin Story,/shop/balam/ or /shop/kukulkan/
honduran marcala,Coffee — Honduras Origin,720,1.84,6,0,MEDIUM,Origin Story,/shop/ixchel/
copan coffee roasters llc,Coffee — Honduras Origin,390,0.2,3,,LOW,Origin Story,/shop/balam/ or /shop/kukulkan/
copan coffee,Coffee — Honduras Origin,260,0.69,33,0,LOW,Origin Story,/shop/balam/ or /shop/kukulkan/
honduras coffee beans,Coffee — Honduras Origin,260,1.33,100,0,LOW,Origin Story,/shop/balam/ or /shop/kukulkan/
marcala coffee,Coffee — Honduras Origin,110,0.8,100,0,LOW,Origin Story,/shop/ixchel/
marcala honduras coffee,Coffee — Honduras Origin,110,0.8,100,,LOW,Origin Story,/shop/ixchel/
copan coffee roasters,Coffee — Honduras Origin,110,0,11,,LOW,Origin Story,/shop/balam/ or /shop/kukulkan/
raw honey,Jimerito Honey,110000,0.75,100,22,HIGH — Broad,,/shop/jimerito-honey/
raw honey benefits,Jimerito Honey,14800,0.32,32,23,HIGH — Broad,Wellness,/shop/jimerito-honey/
organic honey,Jimerito Honey,9900,0.8,100,0,HIGH — Niche,Ethical Sourcing,/shop/jimerito-honey/
stingless bee honey,Jimerito Honey,3600,0.64,88,4,HIGH — Niche,,/shop/jimerito-honey/
jimerito honey,Jimerito Honey,3600,0.33,100,0,MEDIUM,,/shop/jimerito-honey/
melipona honey,Jimerito Honey,3600,0.39,99,0,MEDIUM,,/shop/jimerito-honey/
raw honeycomb,Jimerito Honey,110000,0.75,100,,LOW,,/shop/jimerito-honey/
honey and raw honey,Jimerito Honey,110000,0.75,100,,LOW,,/shop/jimerito-honey/
honey raw honey,Jimerito Honey,110000,0.75,100,,LOW,,/shop/jimerito-honey/
raw honey and honey,Jimerito Honey,110000,0.75,100,,LOW,,/shop/jimerito-honey/
raw honey honey,Jimerito Honey,110000,0.75,100,,LOW,,/shop/jimerito-honey/
honey stinger's,Jimerito Honey,27100,0.98,100,,LOW,,/shop/jimerito-honey/
local honey near me,Jimerito Honey,22200,0.84,99,,LOW,,/shop/jimerito-honey/
antibiotic honey,Jimerito Honey,22200,0.71,24,,LOW,,/shop/jimerito-honey/
benefit of pure honey,Jimerito Honey,14800,0.32,32,,LOW,Wellness,/shop/jimerito-honey/
benefits of fresh honey,Jimerito Honey,14800,0.32,32,,LOW,Wellness,/shop/jimerito-honey/
honey in tea for sore throat,Jimerito Honey,14800,0.23,1,,LOW,,/shop/jimerito-honey/
antioxidant honey,Jimerito Honey,12100,0.54,28,,LOW,Wellness,/shop/jimerito-honey/
honey and antioxidants,Jimerito Honey,12100,0.54,28,,LOW,Wellness,/shop/jimerito-honey/
raw unfiltered honey,Jimerito Honey,9900,0.9,100,,LOW,,/shop/jimerito-honey/
raw and unfiltered honey,Jimerito Honey,9900,0.9,100,,LOW,,/shop/jimerito-honey/
raw manuka honey,Jimerito Honey,8100,2.07,100,,LOW,,/shop/jimerito-honey/
raw honey near me,Jimerito Honey,8100,0.64,100,,LOW,,/shop/jimerito-honey/
raw honeycomb near me,Jimerito Honey,8100,0.64,100,,LOW,,/shop/jimerito-honey/
nature nate's 100 pure raw & unfiltered honey,Jimerito Honey,8100,0.29,32,,LOW,,/shop/jimerito-honey/
nature nate's 100 pure raw unfiltered honey,Jimerito Honey,8100,0.29,32,,LOW,,/shop/jimerito-honey/
medicinal honey,Jimerito Honey,8100,0.54,100,41,LOW,Wellness,/shop/jimerito-honey/
local hive honey,Jimerito Honey,6600,0.35,100,,LOW,,/shop/jimerito-honey/
pure honey wildflower,Jimerito Honey,6600,1.11,98,,LOW,,/shop/jimerito-honey/
stingless bee,Jimerito Honey,5400,15.24,0,,LOW,,/shop/jimerito-honey/
kelulut bee,Jimerito Honey,5400,15.24,0,,LOW,,/shop/jimerito-honey/
pure honey,Jimerito Honey,5400,0.76,100,,LOW,,/shop/jimerito-honey/
wedderspoon manuka honey,Jimerito Honey,5400,1.74,100,,LOW,,/shop/jimerito-honey/
nate's honey,Jimerito Honey,5400,0.33,100,,LOW,,/shop/jimerito-honey/
raw wildflower honey,Jimerito Honey,5400,1.13,96,,LOW,,/shop/jimerito-honey/
rare honey,Jimerito Honey,5400,1.29,99,,LOW,,/shop/jimerito-honey/
wedderspoon organic manuka honey,Jimerito Honey,5400,1.74,100,,LOW,Ethical Sourcing,/shop/jimerito-honey/
honey pure honey,Jimerito Honey,5400,0.76,100,,LOW,,/shop/jimerito-honey/
raw honey for sore throat,Jimerito Honey,5400,1.07,8,,LOW,,/shop/jimerito-honey/
manukora manuka honey,Jimerito Honey,4400,2.63,96,,LOW,,/shop/jimerito-honey/
100 pure honey,Jimerito Honey,4400,0.51,77,,LOW,,/shop/jimerito-honey/
raw clover honey,Jimerito Honey,4400,1.25,83,,LOW,,/shop/jimerito-honey/
manuka honey manukora,Jimerito Honey,4400,2.63,96,,LOW,,/shop/jimerito-honey/
pure honey 100,Jimerito Honey,4400,0.51,77,,LOW,,/shop/jimerito-honey/
honey melipona,Jimerito Honey,3600,0.39,99,,LOW,,/shop/jimerito-honey/
melipona bee honey,Jimerito Honey,3600,0.39,99,,LOW,,/shop/jimerito-honey/
stingless honey,Jimerito Honey,3600,0.64,88,,LOW,,/shop/jimerito-honey/
trigona bee honey,Jimerito Honey,3600,0.64,88,,LOW,,/shop/jimerito-honey/
best honey to buy,Jimerito Honey,3600,0.9,100,,LOW,,/shop/jimerito-honey/
raw unpasteurized honey,Jimerito Honey,3600,1.35,100,,LOW,,/shop/jimerito-honey/
local raw honey,Jimerito Honey,3600,0.83,91,,LOW,,/shop/jimerito-honey/
raw and unpasteurized honey,Jimerito Honey,3600,1.35,100,,LOW,,/shop/jimerito-honey/
real honey,Jimerito Honey,2900,0.89,100,,LOW,,/shop/jimerito-honey/
unpasteurized honey,Jimerito Honey,2900,1.11,100,,LOW,,/shop/jimerito-honey/
real raw honey,Jimerito Honey,2900,0.98,100,,LOW,,/shop/jimerito-honey/
nature nate's raw honey,Jimerito Honey,2900,0.29,63,,LOW,,/shop/jimerito-honey/
raw honey for cough,Jimerito Honey,2900,0.62,14,,LOW,,/shop/jimerito-honey/
raw and organic honey,Jimerito Honey,2900,0.91,100,,LOW,Ethical Sourcing,/shop/jimerito-honey/
health benefit of pure honey,Jimerito Honey,2900,0.15,19,,LOW,Wellness,/shop/jimerito-honey/
raw honey v honey,Jimerito Honey,2900,0.36,48,,LOW,,/shop/jimerito-honey/
health benefits of raw honey,Jimerito Honey,2900,0.15,19,,LOW,Wellness,/shop/jimerito-honey/
benefits of pure honey to health,Jimerito Honey,2900,0.15,19,,LOW,Wellness,/shop/jimerito-honey/
nutritional benefits of raw honey,Jimerito Honey,2900,0.15,19,,LOW,Wellness,/shop/jimerito-honey/
melipona bee,Jimerito Honey,2400,0.16,12,,LOW,,/shop/jimerito-honey/
melipona beekeeping,Jimerito Honey,2400,0.16,12,,LOW,,/shop/jimerito-honey/
raw organic honey,Jimerito Honey,2400,0.92,100,,LOW,Ethical Sourcing,/shop/jimerito-honey/
local raw honey near me,Jimerito Honey,2400,0.89,100,,LOW,,/shop/jimerito-honey/
unfiltered honey,Jimerito Honey,2400,0.6,100,,LOW,,/shop/jimerito-honey/
local honey for allergies,Jimerito Honey,2400,0.43,22,,LOW,,/shop/jimerito-honey/
local honey for sale near me,Jimerito Honey,2400,0.72,100,,LOW,,/shop/jimerito-honey/
local honey near me for sale,Jimerito Honey,2400,0.72,100,,LOW,,/shop/jimerito-honey/
local raw honeycomb near me,Jimerito Honey,2400,0.89,100,,LOW,,/shop/jimerito-honey/
manuka honey antibiotic,Jimerito Honey,2400,0.79,43,,LOW,,/shop/jimerito-honey/
real mad honey,Jimerito Honey,1900,1.77,100,,LOW,,/shop/jimerito-honey/
savannah bee company raw honeycomb,Jimerito Honey,1900,0.85,47,,LOW,,/shop/jimerito-honey/
savannah bee raw honeycomb,Jimerito Honey,1900,0.85,47,,LOW,,/shop/jimerito-honey/
100 pure raw and unfiltered honey,Jimerito Honey,1900,0.99,20,,LOW,,/shop/jimerito-honey/
usda organic honey,Jimerito Honey,1900,0.48,42,,LOW,Ethical Sourcing,/shop/jimerito-honey/
local beekeeper honey,Jimerito Honey,1900,0.54,71,,LOW,,/shop/jimerito-honey/
100 pure raw unfiltered honey,Jimerito Honey,1900,0.99,20,,LOW,,/shop/jimerito-honey/
manuka honey v normal honey,Jimerito Honey,1900,0.59,31,,LOW,,/shop/jimerito-honey/
nature nate's honey packets,Jimerito Honey,1900,0.41,35,,LOW,,/shop/jimerito-honey/
usda certified organic honey,Jimerito Honey,1900,0.48,42,,LOW,Ethical Sourcing,/shop/jimerito-honey/
raw unprocessed honey,Jimerito Honey,1600,0.92,100,,LOW,,/shop/jimerito-honey/
pasteurized honey,Jimerito Honey,1600,0.49,66,,LOW,,/shop/jimerito-honey/
nature nate's raw unfiltered honey,Jimerito Honey,1600,0.43,26,,LOW,,/shop/jimerito-honey/
raw and unprocessed honey,Jimerito Honey,1600,0.92,100,,LOW,,/shop/jimerito-honey/
nature nate's raw and unfiltered honey,Jimerito Honey,1600,0.43,26,,LOW,,/shop/jimerito-honey/
pasteurised honey,Jimerito Honey,1600,0.49,66,,LOW,,/shop/jimerito-honey/
medical honey for wounds,Jimerito Honey,1600,0.44,100,,LOW,,/shop/jimerito-honey/
best raw honey,Jimerito Honey,1300,1.05,100,,LOW,,/shop/jimerito-honey/
raw buckwheat honey,Jimerito Honey,1300,1.05,100,,LOW,,/shop/jimerito-honey/
raw honey costco,Jimerito Honey,1300,0.22,98,,LOW,,/shop/jimerito-honey/
nature nate's organic honey,Jimerito Honey,1300,0.29,82,,LOW,Ethical Sourcing,/shop/jimerito-honey/
best raw honeycomb,Jimerito Honey,1300,1.05,100,,LOW,,/shop/jimerito-honey/
good raw honey,Jimerito Honey,1300,1.05,100,,LOW,,/shop/jimerito-honey/
nature's nate organic honey,Jimerito Honey,1300,0.29,82,,LOW,Ethical Sourcing,/shop/jimerito-honey/
raw unfiltered honey benefits,Jimerito Honey,1300,0.53,35,,LOW,Wellness,/shop/jimerito-honey/
benefits of local honey,Jimerito Honey,1300,0.09,19,,LOW,Wellness,/shop/jimerito-honey/
benefits of raw and unfiltered honey,Jimerito Honey,1300,0.53,35,,LOW,Wellness,/shop/jimerito-honey/
benefits of unfiltered raw honey,Jimerito Honey,1300,0.53,35,,LOW,Wellness,/shop/jimerito-honey/
raw honey for sale,Jimerito Honey,1000,1.1,100,,LOW,,/shop/jimerito-honey/
monofloral manuka honey,Jimerito Honey,1000,2.42,100,,LOW,,/shop/jimerito-honey/
organic honey near me,Jimerito Honey,1000,0.59,100,,LOW,Ethical Sourcing,/shop/jimerito-honey/
pure raw honey,Jimerito Honey,1000,1.32,97,,LOW,,/shop/jimerito-honey/
fresh honey near me,Jimerito Honey,1000,0.87,98,,LOW,,/shop/jimerito-honey/
unprocessed honey,Jimerito Honey,1000,0.64,80,,LOW,,/shop/jimerito-honey/
best raw honey for health,Jimerito Honey,1000,0.62,89,,LOW,Wellness,/shop/jimerito-honey/
gunter's honey,Jimerito Honey,1000,0.39,84,,LOW,,/shop/jimerito-honey/
raw honeycomb for sale,Jimerito Honey,1000,1.1,100,,LOW,,/shop/jimerito-honey/
raw white honey,Jimerito Honey,1000,0.9,100,,LOW,,/shop/jimerito-honey/
100 natural honey,Jimerito Honey,1000,0.47,82,,LOW,,/shop/jimerito-honey/
honey 100 natural,Jimerito Honey,1000,0.47,82,,LOW,,/shop/jimerito-honey/
kirkland signature organic raw honey,Jimerito Honey,1000,0.42,20,,LOW,Ethical Sourcing,/shop/jimerito-honey/
pure raw honeycomb,Jimerito Honey,1000,1.32,97,,LOW,,/shop/jimerito-honey/
raw honey and diabetes,Jimerito Honey,1000,2.15,21,,LOW,,/shop/jimerito-honey/
raw honey diabetes,Jimerito Honey,1000,2.15,21,,LOW,,/shop/jimerito-honey/
raw honey for health,Jimerito Honey,1000,0.62,89,,LOW,Wellness,/shop/jimerito-honey/
raw honey good for you,Jimerito Honey,1000,0.62,89,,LOW,,/shop/jimerito-honey/
honey medicine,Jimerito Honey,1000,0.52,95,,LOW,,/shop/jimerito-honey/
healthy raw honey,Jimerito Honey,1000,0.62,89,,LOW,Wellness,/shop/jimerito-honey/
raw honey and health,Jimerito Honey,1000,0.62,89,,LOW,Wellness,/shop/jimerito-honey/
raw honeycomb good for you,Jimerito Honey,1000,0.62,89,,LOW,,/shop/jimerito-honey/
raw manuka honey benefits,Jimerito Honey,880,0.62,100,,LOW,Wellness,/shop/jimerito-honey/
nutrients in raw honey,Jimerito Honey,880,0.16,33,,LOW,,/shop/jimerito-honey/
nutritional value of raw honey,Jimerito Honey,880,0.16,33,,LOW,,/shop/jimerito-honey/
raw honey for gut health,Jimerito Honey,880,0.94,64,,LOW,Wellness,/shop/jimerito-honey/
raw honeycomb nutrition,Jimerito Honey,880,0.16,33,,LOW,,/shop/jimerito-honey/
medical manuka honey,Jimerito Honey,720,1.09,100,,LOW,,/shop/jimerito-honey/
medical honey for wound care,Jimerito Honey,720,0.44,100,,LOW,,/shop/jimerito-honey/
wildflower honey benefits,Jimerito Honey,720,0.36,24,,LOW,Wellness,/shop/jimerito-honey/
benefit of eating raw honey,Jimerito Honey,720,0.11,17,,LOW,Wellness,/shop/jimerito-honey/
benefits of consuming raw honey,Jimerito Honey,720,0.11,17,,LOW,Wellness,/shop/jimerito-honey/
benefits of eating raw honeycomb,Jimerito Honey,720,0.11,17,,LOW,Wellness,/shop/jimerito-honey/
benefits of taking raw honey,Jimerito Honey,720,0.11,17,,LOW,Wellness,/shop/jimerito-honey/
eating raw honeycomb benefits,Jimerito Honey,720,0.11,17,,LOW,Wellness,/shop/jimerito-honey/
raw garlic and honey,Jimerito Honey,720,0.23,15,,LOW,,/shop/jimerito-honey/
raw garlic in honey,Jimerito Honey,720,0.23,15,,LOW,,/shop/jimerito-honey/
raw garlic with honey,Jimerito Honey,720,0.23,15,,LOW,,/shop/jimerito-honey/
raw honey and inflammation,Jimerito Honey,720,0.74,28,,LOW,,/shop/jimerito-honey/
raw honey for inflammation,Jimerito Honey,720,0.74,28,,LOW,,/shop/jimerito-honey/
benefits of raw honey for men,Jimerito Honey,590,1.19,15,,LOW,Wellness,/shop/jimerito-honey/
honey remedies for sore throat,Jimerito Honey,590,0.12,26,,LOW,,/shop/jimerito-honey/
raw honey benefits for men,Jimerito Honey,590,1.19,15,,LOW,Wellness,/shop/jimerito-honey/
mayan honey,Jimerito Honey,390,0.49,79,,LOW,Origin Story,/shop/jimerito-honey/
kelulut honey,Jimerito Honey,260,0.42,96,,LOW,,/shop/jimerito-honey/
stingless bee honey benefits,Jimerito Honey,210,0.18,39,,LOW,Wellness,/shop/jimerito-honey/
melipona honey benefits,Jimerito Honey,210,0.31,41,,LOW,Wellness,/shop/jimerito-honey/
trigona stingless bee,Jimerito Honey,210,0,0,,LOW,,/shop/jimerito-honey/
native bee honey,Jimerito Honey,140,0.48,8,,LOW,,/shop/jimerito-honey/
stingless bee honey for sale,Jimerito Honey,110,1.12,66,0,LOW,,/shop/jimerito-honey/
stingless bee honey for eyes,Jimerito Honey,110,0.94,96,,LOW,,/shop/jimerito-honey/
moringa,Moringa Powder,201000,0.6,97,27,HIGH — Broad,,/shop/moringa/
moringa powder,Moringa Powder,49500,1.02,100,11,HIGH — Broad,,/shop/moringa/
moringa tea,Moringa Powder,18100,0.69,100,0,HIGH — Broad,Functional Drinks,/shop/moringa/
organic moringa powder,Moringa Powder,8100,1.67,100,2,HIGH — Niche,Ethical Sourcing,/shop/moringa/
moringa benefits,Moringa Powder,90500,0.5,71,,LOW,Wellness,/shop/moringa/
moringa leaf benefits,Moringa Powder,90500,0.5,71,,LOW,Wellness,/shop/moringa/
moringa oleifera benefits,Moringa Powder,90500,0.5,71,,LOW,Wellness,/shop/moringa/
moringa plant benefits,Moringa Powder,90500,0.5,71,,LOW,Wellness,/shop/moringa/
moringa and benefits,Moringa Powder,90500,0.5,71,,LOW,Wellness,/shop/moringa/
moringa leaf uses,Moringa Powder,90500,0.5,71,,LOW,,/shop/moringa/
moringa oleifera powder,Moringa Powder,49500,1.02,100,,LOW,,/shop/moringa/
moringa tree powder,Moringa Powder,49500,1.02,100,,LOW,,/shop/moringa/
moringa plant powder,Moringa Powder,49500,1.02,100,,LOW,,/shop/moringa/
moringa tree,Moringa Powder,33100,0.21,100,,LOW,,/shop/moringa/
moringa oleifera plant,Moringa Powder,33100,0.21,100,,LOW,,/shop/moringa/
moringa leaves tea,Moringa Powder,18100,0.69,100,,LOW,,/shop/moringa/
moringa leaf tea,Moringa Powder,18100,0.69,100,,LOW,,/shop/moringa/
moringa oleifera tea,Moringa Powder,18100,0.69,100,,LOW,,/shop/moringa/
moringa in tea,Moringa Powder,18100,0.69,100,,LOW,,/shop/moringa/
moringa plant tea,Moringa Powder,18100,0.69,100,,LOW,,/shop/moringa/
moringa tree tea,Moringa Powder,18100,0.69,100,,LOW,,/shop/moringa/
benefit of moringa leaf powder,Moringa Powder,14800,0.48,58,,LOW,Wellness,/shop/moringa/
moringa leaf powder uses,Moringa Powder,14800,0.48,58,,LOW,,/shop/moringa/
moringa supplement,Moringa Powder,14800,2.63,100,,LOW,,/shop/moringa/
moringa powder benefits,Moringa Powder,14800,0.48,58,,LOW,Wellness,/shop/moringa/
moringa leaf powder benefits,Moringa Powder,14800,0.48,58,,LOW,Wellness,/shop/moringa/
moringa leaf supplement,Moringa Powder,14800,2.63,100,,LOW,,/shop/moringa/
moringa oleifera supplement,Moringa Powder,14800,2.63,100,,LOW,,/shop/moringa/
moringa tree supplements,Moringa Powder,14800,2.63,100,,LOW,,/shop/moringa/
moringa food supplement,Moringa Powder,14800,2.63,100,,LOW,,/shop/moringa/
moringa dietary supplement,Moringa Powder,14800,2.63,100,,LOW,,/shop/moringa/
advantage of moringa powder,Moringa Powder,14800,0.48,58,,LOW,,/shop/moringa/
moringa oleifera powder benefits,Moringa Powder,14800,0.48,58,,LOW,Wellness,/shop/moringa/
moringa tree powder benefits,Moringa Powder,14800,0.48,58,,LOW,Wellness,/shop/moringa/
supplements with moringa,Moringa Powder,14800,2.63,100,,LOW,,/shop/moringa/
moringa what is it good for,Moringa Powder,12100,0.4,39,,LOW,,/shop/moringa/
moringa what's it good for,Moringa Powder,12100,0.4,39,,LOW,,/shop/moringa/
moringa leaves,Moringa Powder,9900,0.3,94,,LOW,,/shop/moringa/
moringa plant,Moringa Powder,9900,0.19,100,,LOW,,/shop/moringa/
moringa tea benefits,Moringa Powder,9900,0.3,38,,LOW,"Wellness, Functional Drinks",/shop/moringa/
moringa oleifera leaf,Moringa Powder,9900,0.3,94,,LOW,,/shop/moringa/
moringa tree leaves,Moringa Powder,9900,0.3,94,,LOW,,/shop/moringa/
advantage of moringa leaf,Moringa Powder,9900,0.16,38,,LOW,,/shop/moringa/
goodness of moringa leaves,Moringa Powder,9900,0.16,38,,LOW,,/shop/moringa/
moringa oleifera tea benefits,Moringa Powder,9900,0.3,38,,LOW,Wellness,/shop/moringa/
moringa plant leaves,Moringa Powder,9900,0.3,94,,LOW,,/shop/moringa/
moringa tree tea benefits,Moringa Powder,9900,0.3,38,,LOW,Wellness,/shop/moringa/
tea moringa benefits,Moringa Powder,9900,0.3,38,,LOW,Wellness,/shop/moringa/
organic moringa leaf powder,Moringa Powder,8100,1.67,100,,LOW,Ethical Sourcing,/shop/moringa/
organic moringa oleifera powder,Moringa Powder,8100,1.67,100,,LOW,Ethical Sourcing,/shop/moringa/
moringa oleifera,Moringa Powder,8100,0.73,94,,LOW,,/shop/moringa/
moringa drumstick tree,Moringa Powder,8100,0.73,94,,LOW,,/shop/moringa/
moringa moringa oleifera,Moringa Powder,8100,0.73,94,,LOW,,/shop/moringa/
moringa oleifera lam,Moringa Powder,8100,0.73,94,,LOW,,/shop/moringa/
moringa benefits for women,Moringa Powder,6600,0.57,67,,LOW,Wellness,/shop/moringa/
benefits of moringa for women,Moringa Powder,6600,0.57,67,,LOW,Wellness,/shop/moringa/
moringa benefits women,Moringa Powder,6600,0.57,67,,LOW,Wellness,/shop/moringa/
moringa benefits for men,Moringa Powder,5400,0.62,67,,LOW,Wellness,/shop/moringa/
moringa seeds benefits,Moringa Powder,5400,0.15,61,,LOW,Wellness,/shop/moringa/
benefits of moringa oleifera seeds,Moringa Powder,5400,0.15,61,,LOW,Wellness,/shop/moringa/
moringa tree oil,Moringa Powder,5400,1.31,100,,LOW,,/shop/moringa/
moringa tree seeds benefits,Moringa Powder,5400,0.15,61,,LOW,Wellness,/shop/moringa/
moringa leaf,Moringa Powder,4400,0.6,100,,LOW,,/shop/moringa/
moringa leaf powder smoothie,Moringa Powder,4400,0.07,0,,LOW,Functional Drinks,/shop/moringa/
moringa powder in smoothie,Moringa Powder,4400,0.07,0,,LOW,Functional Drinks,/shop/moringa/
health benefits of moringa,Moringa Powder,3600,0.19,39,,LOW,Wellness,/shop/moringa/
moringa side effects,Moringa Powder,3600,0.12,21,,LOW,,/shop/moringa/
moringa oleifera health benefits,Moringa Powder,3600,0.19,39,,LOW,Wellness,/shop/moringa/
moringa leaf side effects,Moringa Powder,3600,0.12,21,,LOW,,/shop/moringa/
health properties of moringa,Moringa Powder,3600,0.19,39,,LOW,Wellness,/shop/moringa/
moringa oleifera benefits to health,Moringa Powder,3600,0.19,39,,LOW,Wellness,/shop/moringa/
moringa oleifera side effects,Moringa Powder,3600,0.12,21,,LOW,,/shop/moringa/
moringa plant side effects,Moringa Powder,3600,0.12,21,,LOW,,/shop/moringa/
moringa tree side effects,Moringa Powder,3600,0.12,21,,LOW,,/shop/moringa/
moringa leaf powder,Moringa Powder,2900,1.25,100,,LOW,,/shop/moringa/
moringa dry leaves,Moringa Powder,2400,0.31,99,,LOW,,/shop/moringa/
best moringa supplement,Moringa Powder,2400,4.45,100,,LOW,,/shop/moringa/
dried moringa leaves,Moringa Powder,2400,0.31,99,,LOW,,/shop/moringa/
dried moringa,Moringa Powder,2400,0.31,99,,LOW,,/shop/moringa/
moringa oleifera tablets,Moringa Powder,2400,1.44,100,,LOW,,/shop/moringa/
moringa powder for energy,Moringa Powder,1900,0.39,2,,LOW,,/shop/moringa/
moringa capsules benefits,Moringa Powder,1900,0.86,99,,LOW,Wellness,/shop/moringa/
benefits of moringa leaf capsules,Moringa Powder,1900,0.86,99,,LOW,Wellness,/shop/moringa/
benefits of moringa oleifera capsules,Moringa Powder,1900,0.86,99,,LOW,Wellness,/shop/moringa/
moringa leaf capsules benefits,Moringa Powder,1900,0.86,99,,LOW,Wellness,/shop/moringa/
organic moringa,Moringa Powder,1600,2.81,100,,LOW,Ethical Sourcing,/shop/moringa/
organic moringa leaf,Moringa Powder,1600,2.81,100,,LOW,Ethical Sourcing,/shop/moringa/
moringa oleifera organic,Moringa Powder,1600,2.81,100,,LOW,Ethical Sourcing,/shop/moringa/
moringa oil benefits,Moringa Powder,1600,0.78,59,,LOW,Wellness,/shop/moringa/
moringa amazon,Moringa Powder,1600,1.24,100,,LOW,,/shop/moringa/
moringa tree benefits,Moringa Powder,1600,0.16,98,,LOW,Wellness,/shop/moringa/
moringa fruit,Moringa Powder,1600,0.23,90,,LOW,,/shop/moringa/
organic moringa leaf capsules,Moringa Powder,1600,3.11,100,,LOW,Ethical Sourcing,/shop/moringa/
organic moringa tablets,Moringa Powder,1600,3.11,100,,LOW,Ethical Sourcing,/shop/moringa/
miracle tree moringa,Moringa Powder,1600,0.31,68,,LOW,,/shop/moringa/
moringa in english,Moringa Powder,1600,0.08,29,,LOW,,/shop/moringa/
miracle moringa,Moringa Powder,1600,0.31,68,,LOW,,/shop/moringa/
moringa oleifera amazon,Moringa Powder,1600,1.24,100,,LOW,,/shop/moringa/
moringa leaf in english,Moringa Powder,1600,0.08,29,,LOW,,/shop/moringa/
moringa miracle tree benefits,Moringa Powder,1600,0.16,98,,LOW,Wellness,/shop/moringa/
moringa oleifera oil benefits,Moringa Powder,1600,0.78,59,,LOW,Wellness,/shop/moringa/
moringa what is it used for,Moringa Powder,1600,0.41,42,,LOW,,/shop/moringa/
moringa powder supplement,Moringa Powder,1300,2.53,13,,LOW,,/shop/moringa/
moringa leaf vitamins,Moringa Powder,1300,1.39,100,,LOW,,/shop/moringa/
moringa supplements powder,Moringa Powder,1300,2.53,13,,LOW,,/shop/moringa/
moringa tablets,Moringa Powder,1300,2.18,100,,LOW,,/shop/moringa/
moringa capsule,Moringa Powder,1300,2.18,100,,LOW,,/shop/moringa/
moringa leaf capsules,Moringa Powder,1300,2.18,100,,LOW,,/shop/moringa/
moringa vitamin,Moringa Powder,1300,1.39,100,,LOW,,/shop/moringa/
moringa near me,Moringa Powder,1300,0.41,98,,LOW,,/shop/moringa/
moringa powder side effects,Moringa Powder,1300,0.26,18,,LOW,,/shop/moringa/
fresh moringa leaves,Moringa Powder,1300,0.63,26,,LOW,,/shop/moringa/
moringa oleifera capsule,Moringa Powder,1300,2.18,100,,LOW,,/shop/moringa/
benefits of moringa oleifera leaves,Moringa Powder,1300,0.14,60,,LOW,Wellness,/shop/moringa/
benefits of moringa tree leaves,Moringa Powder,1300,0.14,60,,LOW,Wellness,/shop/moringa/
moringa leaf powder side effects,Moringa Powder,1300,0.26,18,,LOW,,/shop/moringa/
moringa oleifera powder side effects,Moringa Powder,1300,0.26,18,,LOW,,/shop/moringa/
moringa oleifera vitamins,Moringa Powder,1300,1.39,100,,LOW,,/shop/moringa/
moringa tree capsules,Moringa Powder,1300,2.18,100,,LOW,,/shop/moringa/
vitamin a in moringa,Moringa Powder,1300,1.39,100,,LOW,,/shop/moringa/
kuli kuli moringa powder,Moringa Powder,1000,1.05,100,,LOW,,/shop/moringa/
moringa supplement benefits,Moringa Powder,1000,1.28,85,,LOW,Wellness,/shop/moringa/
moringa oleifera tree,Moringa Powder,1000,0.43,78,,LOW,,/shop/moringa/
moringa tea benefits for women,Moringa Powder,1000,0.31,48,,LOW,"Wellness, Functional Drinks",/shop/moringa/
best moringa powder,Moringa Powder,880,2.87,100,,LOW,,/shop/moringa/
amazon moringa powder,Moringa Powder,880,0.59,97,,LOW,,/shop/moringa/
best moringa leaf powder,Moringa Powder,880,2.87,100,,LOW,,/shop/moringa/
moringa tea powder,Moringa Powder,880,1.21,29,,LOW,Functional Drinks,/shop/moringa/
moringa leaf powder amazon,Moringa Powder,880,0.59,97,,LOW,,/shop/moringa/
best moringa oleifera powder,Moringa Powder,880,2.87,100,,LOW,,/shop/moringa/
moringa leaf powder tea,Moringa Powder,880,1.21,29,,LOW,,/shop/moringa/
moringa tea from powder,Moringa Powder,880,1.21,29,,LOW,Functional Drinks,/shop/moringa/
moringa powder near me,Moringa Powder,720,0.36,63,,LOW,,/shop/moringa/
moringa powder capsules,Moringa Powder,720,2.33,100,,LOW,,/shop/moringa/
moringa powder for weight loss,Moringa Powder,720,1.25,11,,LOW,,/shop/moringa/
moringa leaf near me,Moringa Powder,720,0.42,100,,LOW,,/shop/moringa/
moringa leaf powder for weight loss,Moringa Powder,720,1.25,11,,LOW,,/shop/moringa/
moringa powder and weight loss,Moringa Powder,720,1.25,11,,LOW,,/shop/moringa/
moringa leaf nutrition,Moringa Powder,590,0.15,37,,LOW,,/shop/moringa/
moringa leaf powder for hair growth,Moringa Powder,590,0.23,20,,LOW,,/shop/moringa/
moringa powder hair growth,Moringa Powder,590,0.23,20,,LOW,,/shop/moringa/
moringa superfood,Moringa Powder,480,0.91,100,,LOW,Wellness,/shop/moringa/
kuli kuli moringa,Moringa Powder,480,1.26,100,,LOW,,/shop/moringa/
organic india moringa,Moringa Powder,480,1.47,100,,LOW,Ethical Sourcing,/shop/moringa/
pure moringa powder,Moringa Powder,480,1.2,100,,LOW,,/shop/moringa/
dried moringa powder,Moringa Powder,480,0.97,80,,LOW,,/shop/moringa/
moringa powder for women,Moringa Powder,480,0.03,4,,LOW,,/shop/moringa/
organic india moringa powder,Moringa Powder,390,1.32,98,,LOW,Ethical Sourcing,/shop/moringa/
moringa whole foods,Moringa Powder,390,0.56,99,,LOW,,/shop/moringa/
buy moringa leaves,Moringa Powder,390,1.28,99,,LOW,,/shop/moringa/
certified organic moringa leaf powder,Moringa Powder,390,0.63,96,,LOW,Ethical Sourcing,/shop/moringa/
moringa leaves whole foods,Moringa Powder,390,0.56,99,,LOW,,/shop/moringa/
moringa leaf drink,Moringa Powder,390,0.98,97,,LOW,,/shop/moringa/
moringa leaf powder organic india,Moringa Powder,390,1.32,98,,LOW,Ethical Sourcing,/shop/moringa/
moringa leaf whole foods,Moringa Powder,390,0.56,99,,LOW,,/shop/moringa/
organic moringa supplements,Moringa Powder,320,2.6,100,,LOW,Ethical Sourcing,/shop/moringa/
dried moringa leaves powder,Moringa Powder,320,0.54,14,,LOW,,/shop/moringa/
moringa powder for men,Moringa Powder,320,0.02,25,,LOW,,/shop/moringa/
moringa powder for hair,Moringa Powder,260,0.83,70,,LOW,,/shop/moringa/
100 pure moringa leaf powder,Moringa Powder,260,0,56,,LOW,,/shop/moringa/
buy moringa,Moringa Powder,210,1.52,100,,LOW,,/shop/moringa/
best organic moringa powder,Moringa Powder,210,2.59,100,,LOW,Ethical Sourcing,/shop/moringa/
best organic moringa leaf powder,Moringa Powder,210,2.59,100,,LOW,Ethical Sourcing,/shop/moringa/
moringa leaves for sale,Moringa Powder,170,0.79,99,,LOW,,/shop/moringa/
moringa powder whole foods,Moringa Powder,170,0.33,100,,LOW,,/shop/moringa/
moringa leaf powder whole foods,Moringa Powder,170,0.33,100,,LOW,,/shop/moringa/
sun potion moringa leaf powder,Moringa Powder,170,0.81,96,,LOW,,/shop/moringa/
moringa powder price,Moringa Powder,140,0.39,100,,LOW,,/shop/moringa/
pura vida moringa powder,Moringa Powder,140,1.69,100,,LOW,,/shop/moringa/
kuli kuli moringa gummies,Moringa Powder,140,1.07,100,,LOW,,/shop/moringa/
moringa leaf powder price,Moringa Powder,140,0.39,100,,LOW,,/shop/moringa/
best moringa powder brand,Moringa Powder,140,1.99,100,,LOW,,/shop/moringa/
cost of moringa powder,Moringa Powder,140,0.39,100,,LOW,,/shop/moringa/
moringa leaf powder dosage,Moringa Powder,140,0.83,17,,LOW,,/shop/moringa/
moringa oleifera powder price,Moringa Powder,140,0.39,100,,LOW,,/shop/moringa/
moringa powder at sprouts,Moringa Powder,140,0.14,100,,LOW,,/shop/moringa/
moringa powder for sale,Moringa Powder,110,1.75,100,,LOW,,/shop/moringa/
kuli kuli organic moringa powder,Moringa Powder,110,0.28,93,,LOW,Ethical Sourcing,/shop/moringa/
moringa protein powder,Moringa Powder,110,2.69,99,,LOW,,/shop/moringa/
carlyle moringa,Moringa Powder,110,1.66,100,,LOW,,/shop/moringa/
moringa oleifera leaf powder,Moringa Powder,110,0.75,74,,LOW,,/shop/moringa/
spirulina moringa,Moringa Powder,110,0.99,100,,LOW,,/shop/moringa/
moringa leaf powder for sale,Moringa Powder,110,1.75,100,,LOW,,/shop/moringa/
moringa chlorella spirulina,Moringa Powder,110,0.68,82,,LOW,,/shop/moringa/
moringa powder for inflammation,Moringa Powder,110,0.28,1,,LOW,,/shop/moringa/
moringa powder for skin,Moringa Powder,110,0.3,6,,LOW,,/shop/moringa/
moringa powder skin,Moringa Powder,110,0.3,6,,LOW,,/shop/moringa/
moringa tree leaf powder,Moringa Powder,110,0.75,74,,LOW,,/shop/moringa/
nutrients in moringa leaf,Moringa Powder,110,0.05,26,,LOW,,/shop/moringa/
organic veda moringa leaf powder,Moringa Powder,110,0.57,100,,LOW,Ethical Sourcing,/shop/moringa/
organic veda moringa powder,Moringa Powder,110,0.57,100,,LOW,Ethical Sourcing,/shop/moringa/
raw organic moringa leaf powder,Moringa Powder,110,0.28,52,,LOW,Ethical Sourcing,/shop/moringa/
raw organic moringa powder,Moringa Powder,110,0.28,52,,LOW,Ethical Sourcing,/shop/moringa/
spirulina with moringa,Moringa Powder,110,0.99,100,,LOW,,/shop/moringa/
terrasoul moringa leaf powder,Moringa Powder,110,0.25,100,,LOW,,/shop/moringa/
terrasoul moringa powder,Moringa Powder,110,0.25,100,,LOW,,/shop/moringa/
rosquillas,Rosquillas,5400,0.14,23,0,MEDIUM,,/shop/rosquillas/
rosquilla hondureña,Rosquillas,880,0.13,4,,LOW,Origin Story,/shop/rosquillas/
rosquillas somotenas,Rosquillas,170,0.12,37,,LOW,,/shop/rosquillas/
rosquillas salvadoreñas,Rosquillas,110,0.05,8,,LOW,,/shop/rosquillas/
gourmet gift basket,Subscription & Gifting,27100,6.45,100,8,HIGH — Broad,"Gifting/DTC, Gifting/DTC",Homepage / Bundle page
coffee gifts for coffee lovers,Subscription & Gifting,8100,1.38,100,0,HIGH — Niche,"Gifting/DTC, Gifting/DTC",Homepage / Bundle page
coffee gifts,Subscription & Gifting,5400,2.12,100,0,HIGH — Niche,"Gifting/DTC, Gifting/DTC",Homepage / Bundle page
foodie gift basket,Subscription & Gifting,5400,5.04,100,0,HIGH — Niche,"Gifting/DTC, Gifting/DTC",Homepage / Bundle page
bean box subscription,Subscription & Gifting,5400,2.08,24,8,HIGH — Niche,"Gifting/DTC, Gifting/DTC",Homepage / Bundle page
food subscription box,Subscription & Gifting,4400,16.56,100,20,HIGH — Niche,"Gifting/DTC, Gifting/DTC",Homepage / Bundle page
chocolate gift box,Subscription & Gifting,4400,2.04,100,0,HIGH — Niche,"Gifting/DTC, Gifting/DTC",Homepage / Bundle page
single origin coffee subscription,Subscription & Gifting,1600,6.5,45,4,HIGH — Niche,"Gifting/DTC, Gifting/DTC, Origin Story",Homepage / Bundle page
coffee gift box,Subscription & Gifting,590,3.22,100,0,MEDIUM,"Gifting/DTC, Gifting/DTC",Homepage / Bundle page
gift baskets gourmet,Subscription & Gifting,27100,6.45,100,,LOW,"Gifting/DTC, Gifting/DTC",Homepage / Bundle page
basket gourmet gift baskets,Subscription & Gifting,27100,6.45,100,,LOW,"Gifting/DTC, Gifting/DTC",Homepage / Bundle page
gourmet gift baskets gift baskets,Subscription & Gifting,27100,6.45,100,,LOW,"Gifting/DTC, Gifting/DTC",Homepage / Bundle page
gourmet food gift basket,Subscription & Gifting,12100,4.47,37,,LOW,"Gifting/DTC, Gifting/DTC",Homepage / Bundle page
gourmet food and gift baskets,Subscription & Gifting,12100,4.47,37,,LOW,"Gifting/DTC, Gifting/DTC",Homepage / Bundle page
gourmet food for gift baskets,Subscription & Gifting,12100,4.47,37,,LOW,"Gifting/DTC, Gifting/DTC",Homepage / Bundle page
coffee subscription,Subscription & Gifting,9900,8.28,100,37,LOW,"Gifting/DTC, Gifting/DTC",Homepage / Bundle page
gift baskets food and wine,Subscription & Gifting,9900,5.32,100,,LOW,"Gifting/DTC, Gifting/DTC",Homepage / Bundle page
presents for coffee lovers,Subscription & Gifting,8100,1.38,100,,LOW,Gifting/DTC,Homepage / Bundle page
coffee connoisseur gifts,Subscription & Gifting,8100,1.38,100,,LOW,"Gifting/DTC, Gifting/DTC",Homepage / Bundle page
coffee fanatic gifts,Subscription & Gifting,8100,1.38,100,,LOW,"Gifting/DTC, Gifting/DTC",Homepage / Bundle page
coffee fan gifts,Subscription & Gifting,8100,1.38,100,,LOW,"Gifting/DTC, Gifting/DTC",Homepage / Bundle page
presents for the coffee lover,Subscription & Gifting,8100,1.38,100,,LOW,Gifting/DTC,Homepage / Bundle page
bean box,Subscription & Gifting,5400,2.08,24,,LOW,"Gifting/DTC, Gifting/DTC",Homepage / Bundle page
international snack boxes,Subscription & Gifting,5400,2.96,100,,LOW,"Gifting/DTC, Gifting/DTC",Homepage / Bundle page
coffee lovers,Subscription & Gifting,5400,0.8,7,,LOW,Gifting/DTC,Homepage / Bundle page
basket food gift baskets,Subscription & Gifting,5400,5.04,100,,LOW,"Gifting/DTC, Gifting/DTC",Homepage / Bundle page
coffee and gifts,Subscription & Gifting,5400,2.12,100,,LOW,"Gifting/DTC, Gifting/DTC",Homepage / Bundle page
coffee lover's,Subscription & Gifting,5400,0.8,7,,LOW,Gifting/DTC,Homepage / Bundle page
coffee lovers coffee,Subscription & Gifting,5400,0.8,7,,LOW,Gifting/DTC,Homepage / Bundle page
snack boxes from around the world,Subscription & Gifting,4400,2.76,100,,LOW,"Gifting/DTC, Gifting/DTC",Homepage / Bundle page
snack box subscription from around the world,Subscription & Gifting,4400,2.76,100,,LOW,"Gifting/DTC, Gifting/DTC",Homepage / Bundle page
food sub boxes,Subscription & Gifting,4400,16.56,100,,LOW,"Gifting/DTC, Gifting/DTC",Homepage / Bundle page
box of chocolates gift box,Subscription & Gifting,4400,2.04,100,,LOW,"Gifting/DTC, Gifting/DTC",Homepage / Bundle page
chocolate in gift box,Subscription & Gifting,4400,2.04,100,,LOW,"Gifting/DTC, Gifting/DTC",Homepage / Bundle page
foodie box subscriptions,Subscription & Gifting,4400,16.56,100,,LOW,"Gifting/DTC, Gifting/DTC",Homepage / Bundle page
coffee gift baskets,Subscription & Gifting,3600,1.94,100,,LOW,"Gifting/DTC, Gifting/DTC",Homepage / Bundle page
international snack subscription box,Subscription & Gifting,3600,3.75,26,,LOW,"Gifting/DTC, Gifting/DTC",Homepage / Bundle page
international snack box subscription,Subscription & Gifting,3600,3.75,26,,LOW,"Gifting/DTC, Gifting/DTC",Homepage / Bundle page
foreign snack subscription box,Subscription & Gifting,3600,3.75,26,,LOW,"Gifting/DTC, Gifting/DTC",Homepage / Bundle page
coffee gift set,Subscription & Gifting,2900,1.7,100,,LOW,"Gifting/DTC, Gifting/DTC",Homepage / Bundle page
chocolate gift baskets,Subscription & Gifting,2900,3.54,100,,LOW,"Gifting/DTC, Gifting/DTC",Homepage / Bundle page
meat subscription box,Subscription & Gifting,2900,7.47,100,,LOW,"Gifting/DTC, Gifting/DTC",Homepage / Bundle page
godiva chocolate gift box,Subscription & Gifting,2900,1.01,40,,LOW,"Gifting/DTC, Gifting/DTC",Homepage / Bundle page
cocoa gift basket,Subscription & Gifting,2900,3.54,100,,LOW,"Gifting/DTC, Gifting/DTC",Homepage / Bundle page
gift set coffee,Subscription & Gifting,2900,1.7,100,,LOW,"Gifting/DTC, Gifting/DTC",Homepage / Bundle page
christmas gourmet gift baskets,Subscription & Gifting,2400,2.14,46,,LOW,"Gifting/DTC, Gifting/DTC",Homepage / Bundle page
coffee lover gift,Subscription & Gifting,2400,1.29,100,,LOW,"Gifting/DTC, Gifting/DTC",Homepage / Bundle page
food subscription,Subscription & Gifting,2400,18.48,100,,LOW,"Gifting/DTC, Gifting/DTC",Homepage / Bundle page
coffee subscription gift,Subscription & Gifting,2400,10.49,100,,LOW,"Gifting/DTC, Gifting/DTC",Homepage / Bundle page
hot chocolate gift set,Subscription & Gifting,2400,0.9,99,,LOW,"Gifting/DTC, Gifting/DTC",Homepage / Bundle page
food subscription service,Subscription & Gifting,2400,18.48,100,,LOW,"Gifting/DTC, Gifting/DTC",Homepage / Bundle page
italian food gift basket,Subscription & Gifting,2400,3.05,100,,LOW,"Gifting/DTC, Gifting/DTC",Homepage / Bundle page
hot cocoa gift set,Subscription & Gifting,2400,0.9,99,,LOW,"Gifting/DTC, Gifting/DTC",Homepage / Bundle page
gourmet christmas gift baskets,Subscription & Gifting,2400,2.14,46,,LOW,"Gifting/DTC, Gifting/DTC",Homepage / Bundle page
gourmet gift baskets christmas,Subscription & Gifting,2400,2.14,46,,LOW,"Gifting/DTC, Gifting/DTC",Homepage / Bundle page
gourmet holiday gift baskets christmas,Subscription & Gifting,2400,2.14,46,,LOW,"Gifting/DTC, Gifting/DTC",Homepage / Bundle page
gift set hot chocolate,Subscription & Gifting,2400,0.9,99,,LOW,"Gifting/DTC, Gifting/DTC",Homepage / Bundle page
gourmet snack gift baskets,Subscription & Gifting,1900,4.46,100,,LOW,"Gifting/DTC, Gifting/DTC",Homepage / Bundle page
luxury gift baskets,Subscription & Gifting,1900,6.34,100,,LOW,"Gifting/DTC, Gifting/DTC",Homepage / Bundle page
starbucks gift set,Subscription & Gifting,1900,0.56,95,,LOW,"Gifting/DTC, Gifting/DTC",Homepage / Bundle page
starbucks coffee gift set,Subscription & Gifting,1900,0.56,95,,LOW,"Gifting/DTC, Gifting/DTC",Homepage / Bundle page
gourmet snacks for gift baskets,Subscription & Gifting,1600,3.13,90,,LOW,"Gifting/DTC, Gifting/DTC",Homepage / Bundle page
foodie gift box,Subscription & Gifting,1600,4.62,100,,LOW,"Gifting/DTC, Gifting/DTC",Homepage / Bundle page
gourmet gifts,Subscription & Gifting,1600,5.15,100,,LOW,"Gifting/DTC, Gifting/DTC",Homepage / Bundle page
coffee gift basket ideas,Subscription & Gifting,1600,0.53,100,,LOW,"Gifting/DTC, Gifting/DTC",Homepage / Bundle page
gift basket ideas coffee,Subscription & Gifting,1600,0.53,100,,LOW,"Gifting/DTC, Gifting/DTC",Homepage / Bundle page
father's day gourmet gift baskets,Subscription & Gifting,1300,0,0,,LOW,"Gifting/DTC, Gifting/DTC",Homepage / Bundle page
starbucks gift baskets,Subscription & Gifting,1300,0.84,100,,LOW,"Gifting/DTC, Gifting/DTC",Homepage / Bundle page
best gifts for coffee lovers,Subscription & Gifting,1300,1.65,100,,LOW,"Gifting/DTC, Gifting/DTC",Homepage / Bundle page
japanese snacks subscription box,Subscription & Gifting,1300,5.14,70,,LOW,"Gifting/DTC, Gifting/DTC",Homepage / Bundle page
starbucks coffee gift baskets,Subscription & Gifting,1300,0.84,100,,LOW,"Gifting/DTC, Gifting/DTC",Homepage / Bundle page
best coffee gifts for coffee lovers,Subscription & Gifting,1300,1.65,100,,LOW,"Gifting/DTC, Gifting/DTC",Homepage / Bundle page
cool gifts for coffee lovers,Subscription & Gifting,1300,1.65,100,,LOW,"Gifting/DTC, Gifting/DTC",Homepage / Bundle page
great gifts for coffee lovers,Subscription & Gifting,1300,1.65,100,,LOW,"Gifting/DTC, Gifting/DTC",Homepage / Bundle page
harry & david gourmet gift basket,Subscription & Gifting,1300,0.27,19,,LOW,"Gifting/DTC, Gifting/DTC",Homepage / Bundle page
best presents for coffee lovers,Subscription & Gifting,1300,1.65,100,,LOW,Gifting/DTC,Homepage / Bundle page
top gifts for coffee lovers,Subscription & Gifting,1300,1.65,100,,LOW,"Gifting/DTC, Gifting/DTC",Homepage / Bundle page
awesome gifts for coffee lovers,Subscription & Gifting,1300,1.65,100,,LOW,"Gifting/DTC, Gifting/DTC",Homepage / Bundle page
coffee subscription box,Subscription & Gifting,1000,7.62,100,,LOW,"Gifting/DTC, Gifting/DTC",Homepage / Bundle page
hot chocolate gift basket,Subscription & Gifting,1000,1.43,100,,LOW,"Gifting/DTC, Gifting/DTC",Homepage / Bundle page
hot cocoa gift basket,Subscription & Gifting,1000,1.43,100,,LOW,"Gifting/DTC, Gifting/DTC",Homepage / Bundle page
christmas food gift baskets,Subscription & Gifting,1000,1.37,100,,LOW,"Gifting/DTC, Gifting/DTC",Homepage / Bundle page
gift ideas for coffee lovers,Subscription & Gifting,1000,1.31,100,,LOW,"Gifting/DTC, Gifting/DTC",Homepage / Bundle page
lindt chocolate gift box,Subscription & Gifting,1000,0.71,79,,LOW,"Gifting/DTC, Gifting/DTC",Homepage / Bundle page
gift basket hot chocolate,Subscription & Gifting,1000,1.43,100,,LOW,"Gifting/DTC, Gifting/DTC",Homepage / Bundle page
coffee lover present ideas,Subscription & Gifting,1000,1.31,100,,LOW,Gifting/DTC,Homepage / Bundle page
subscription boxes for coffee,Subscription & Gifting,1000,7.62,100,,LOW,"Gifting/DTC, Gifting/DTC",Homepage / Bundle page
best food subscription boxes,Subscription & Gifting,880,16.8,100,,LOW,"Gifting/DTC, Gifting/DTC",Homepage / Bundle page
ghirardelli gift basket,Subscription & Gifting,880,2.09,100,,LOW,"Gifting/DTC, Gifting/DTC",Homepage / Bundle page
coffee gift ideas,Subscription & Gifting,880,1.31,100,,LOW,"Gifting/DTC, Gifting/DTC",Homepage / Bundle page
gourmet gift boxes,Subscription & Gifting,880,6.31,100,,LOW,"Gifting/DTC, Gifting/DTC",Homepage / Bundle page
godiva chocolate gift baskets,Subscription & Gifting,880,3.17,100,,LOW,"Gifting/DTC, Gifting/DTC",Homepage / Bundle page
hot chocolate mug gift set,Subscription & Gifting,880,0.89,99,,LOW,"Gifting/DTC, Gifting/DTC",Homepage / Bundle page
top rated food subscription boxes,Subscription & Gifting,880,16.8,100,,LOW,"Gifting/DTC, Gifting/DTC",Homepage / Bundle page
ghirardelli chocolate gift basket,Subscription & Gifting,880,2.09,100,,LOW,"Gifting/DTC, Gifting/DTC",Homepage / Bundle page
mug and hot chocolate gift set,Subscription & Gifting,880,0.89,99,,LOW,"Gifting/DTC, Gifting/DTC",Homepage / Bundle page
best foodie gift baskets,Subscription & Gifting,880,5.42,100,,LOW,"Gifting/DTC, Gifting/DTC",Homepage / Bundle page
ferrero rocher chocolate gift box,Subscription & Gifting,880,0.94,9,,LOW,"Gifting/DTC, Gifting/DTC",Homepage / Bundle page
gift basket godiva,Subscription & Gifting,880,3.17,100,,LOW,"Gifting/DTC, Gifting/DTC",Homepage / Bundle page
best subscription boxes for food,Subscription & Gifting,880,16.8,100,,LOW,"Gifting/DTC, Gifting/DTC",Homepage / Bundle page
gourmet food christmas gift baskets,Subscription & Gifting,880,0,82,,LOW,"Gifting/DTC, Gifting/DTC",Homepage / Bundle page
hot cocoa mug gift set,Subscription & Gifting,880,0.89,99,,LOW,"Gifting/DTC, Gifting/DTC",Homepage / Bundle page
foodie gift set,Subscription & Gifting,880,2.98,100,,LOW,"Gifting/DTC, Gifting/DTC",Homepage / Bundle page
hot cocoa and mug gift set,Subscription & Gifting,880,0.89,99,,LOW,"Gifting/DTC, Gifting/DTC",Homepage / Bundle page
mug hot chocolate gift set,Subscription & Gifting,880,0.89,99,,LOW,"Gifting/DTC, Gifting/DTC",Homepage / Bundle page
gift basket for foodie,Subscription & Gifting,880,4.6,100,,LOW,"Gifting/DTC, Gifting/DTC",Homepage / Bundle page
chocolate gift box ferrero rocher,Subscription & Gifting,880,0.94,9,,LOW,"Gifting/DTC, Gifting/DTC",Homepage / Bundle page
coffee gift items,Subscription & Gifting,880,1.31,100,,LOW,"Gifting/DTC, Gifting/DTC",Homepage / Bundle page
hot chocolate gift mug set,Subscription & Gifting,880,0.89,99,,LOW,"Gifting/DTC, Gifting/DTC",Homepage / Bundle page
chocolate gift set,Subscription & Gifting,720,2.6,100,,LOW,"Gifting/DTC, Gifting/DTC",Homepage / Bundle page
meal subscription box,Subscription & Gifting,720,20.71,100,,LOW,"Gifting/DTC, Gifting/DTC",Homepage / Bundle page
monthly food subscription boxes,Subscription & Gifting,720,8.73,100,,LOW,"Gifting/DTC, Gifting/DTC",Homepage / Bundle page
wine and chocolate gift baskets,Subscription & Gifting,720,5.59,100,,LOW,"Gifting/DTC, Gifting/DTC",Homepage / Bundle page
jerky gift box,Subscription & Gifting,720,5.24,100,,LOW,"Gifting/DTC, Gifting/DTC",Homepage / Bundle page
chocolate subscription box,Subscription & Gifting,720,2.43,100,,LOW,"Gifting/DTC, Gifting/DTC",Homepage / Bundle page
food subscription gifts,Subscription & Gifting,720,5.92,100,,LOW,"Gifting/DTC, Gifting/DTC",Homepage / Bundle page
bean box coffee,Subscription & Gifting,720,2.41,56,,LOW,"Gifting/DTC, Gifting/DTC",Homepage / Bundle page
beef jerky subscription box,Subscription & Gifting,720,3.9,100,,LOW,"Gifting/DTC, Gifting/DTC",Homepage / Bundle page
best coffee gifts,Subscription & Gifting,720,1.94,100,,LOW,"Gifting/DTC, Gifting/DTC",Homepage / Bundle page
coffee lovers gift basket,Subscription & Gifting,720,1.56,100,,LOW,"Gifting/DTC, Gifting/DTC",Homepage / Bundle page
best snack box subscription,Subscription & Gifting,720,4.42,100,,LOW,"Gifting/DTC, Gifting/DTC",Homepage / Bundle page
wine chocolate gift basket,Subscription & Gifting,720,5.59,100,,LOW,"Gifting/DTC, Gifting/DTC",Homepage / Bundle page
cool coffee gifts,Subscription & Gifting,720,1.94,100,,LOW,"Gifting/DTC, Gifting/DTC",Homepage / Bundle page
unique gifts for coffee lovers,Subscription & Gifting,720,1.19,100,,LOW,"Gifting/DTC, Gifting/DTC",Homepage / Bundle page
good coffee gifts,Subscription & Gifting,720,1.94,100,,LOW,"Gifting/DTC, Gifting/DTC",Homepage / Bundle page
food gift baskets for delivery,Subscription & Gifting,720,6.15,100,,LOW,"Gifting/DTC, Gifting/DTC",Homepage / Bundle page
great coffee gifts,Subscription & Gifting,720,1.94,100,,LOW,"Gifting/DTC, Gifting/DTC",Homepage / Bundle page
food subscriptions for gifts,Subscription & Gifting,720,5.92,100,,LOW,"Gifting/DTC, Gifting/DTC",Homepage / Bundle page
gourmetgift baskets com,Subscription & Gifting,720,3.76,100,,LOW,"Gifting/DTC, Gifting/DTC",Homepage / Bundle page
coffee lovers gift hamper,Subscription & Gifting,720,1.56,100,,LOW,"Gifting/DTC, Gifting/DTC",Homepage / Bundle page
coolest coffee gifts,Subscription & Gifting,720,1.94,100,,LOW,"Gifting/DTC, Gifting/DTC",Homepage / Bundle page
presents for coffee drinkers,Subscription & Gifting,720,1.06,100,,LOW,Gifting/DTC,Homepage / Bundle page
best meal subscription boxes,Subscription & Gifting,590,16.75,100,,LOW,"Gifting/DTC, Gifting/DTC",Homepage / Bundle page
healthy snack subscription box,Subscription & Gifting,590,6.56,100,,LOW,"Gifting/DTC, Gifting/DTC, Wellness",Homepage / Bundle page
world snack box,Subscription & Gifting,590,2.63,100,,LOW,"Gifting/DTC, Gifting/DTC",Homepage / Bundle page
best chocolate gift boxes,Subscription & Gifting,590,2.62,100,,LOW,"Gifting/DTC, Gifting/DTC",Homepage / Bundle page
hot chocolate gift ideas,Subscription & Gifting,590,0.3,100,,LOW,"Gifting/DTC, Gifting/DTC",Homepage / Bundle page
honey gift,Subscription & Gifting,590,2.61,100,,LOW,"Gifting/DTC, Gifting/DTC",Homepage / Bundle page
gourmet sympathy gift baskets,Subscription & Gifting,590,5.3,100,,LOW,"Gifting/DTC, Gifting/DTC",Homepage / Bundle page
the bean box,Subscription & Gifting,590,2.24,4,,LOW,"Gifting/DTC, Gifting/DTC",Homepage / Bundle page
snack box subscription healthy,Subscription & Gifting,590,6.56,100,,LOW,"Gifting/DTC, Gifting/DTC, Wellness",Homepage / Bundle page
sympathy gourmet gift baskets,Subscription & Gifting,590,5.3,100,,LOW,"Gifting/DTC, Gifting/DTC",Homepage / Bundle page
snack boxes from different countries,Subscription & Gifting,590,2.72,100,,LOW,"Gifting/DTC, Gifting/DTC",Homepage / Bundle page
snack box different countries,Subscription & Gifting,590,2.72,100,,LOW,"Gifting/DTC, Gifting/DTC",Homepage / Bundle page
bean box espresso,Subscription & Gifting,590,5.25,1,,LOW,"Gifting/DTC, Gifting/DTC",Homepage / Bundle page
gourmet hot chocolate gifts,Subscription & Gifting,590,0,0,,LOW,"Gifting/DTC, Gifting/DTC",Homepage / Bundle page
gift box coffee,Subscription & Gifting,590,3.22,100,,LOW,"Gifting/DTC, Gifting/DTC",Homepage / Bundle page
coffee gift accessories,Subscription & Gifting,590,1.33,100,,LOW,"Gifting/DTC, Gifting/DTC",Homepage / Bundle page
coffee gifts for xmas,Subscription & Gifting,590,1.36,80,,LOW,"Gifting/DTC, Gifting/DTC",Homepage / Bundle page
coffee lovers cafe,Subscription & Gifting,590,0.33,4,,LOW,Gifting/DTC,Homepage / Bundle page
vanilla extract,Vanilla Beans,90500,0.53,97,18,HIGH — Broad,,/shop/vanilla-beans/
vanilla beans,Vanilla Beans,74000,1.2,100,17,HIGH — Broad,,/shop/vanilla-beans/
vanilla beans paste,Vanilla Beans,60500,0.49,100,2,HIGH — Broad,,/shop/vanilla-beans/
pure vanilla extract,Vanilla Beans,22200,0.52,99,0,HIGH — Broad,,/shop/vanilla-beans/
vanilla beans for extract,Vanilla Beans,90500,0.53,97,,LOW,,/shop/vanilla-beans/
vanilla abstract,Vanilla Beans,90500,0.53,97,,LOW,,/shop/vanilla-beans/
vanilla extract extract,Vanilla Beans,90500,0.53,97,,LOW,,/shop/vanilla-beans/
vanilla extract from vanilla beans,Vanilla Beans,90500,0.53,97,,LOW,,/shop/vanilla-beans/
bean vanilla,Vanilla Beans,74000,1.2,100,,LOW,,/shop/vanilla-beans/
vanilla bean paste,Vanilla Beans,60500,0.49,100,,LOW,,/shop/vanilla-beans/
paste vanilla,Vanilla Beans,60500,0.49,100,,LOW,,/shop/vanilla-beans/
vanilla extract pure,Vanilla Beans,22200,0.52,99,,LOW,,/shop/vanilla-beans/
pure vanilla essence,Vanilla Beans,22200,0.52,99,,LOW,,/shop/vanilla-beans/
pure vanilla flavoring,Vanilla Beans,22200,0.52,99,,LOW,,/shop/vanilla-beans/
nielsen massey vanilla bean paste,Vanilla Beans,18100,0.86,80,,LOW,,/shop/vanilla-beans/
vanilla paste,Vanilla Beans,18100,0.54,100,,LOW,,/shop/vanilla-beans/
homemade vanilla extract,Vanilla Beans,18100,0.37,59,,LOW,,/shop/vanilla-beans/
powder vanilla,Vanilla Beans,18100,0.7,100,,LOW,,/shop/vanilla-beans/
nielsen and massey vanilla paste,Vanilla Beans,18100,0.86,80,,LOW,,/shop/vanilla-beans/
homemade vanilla bean extract,Vanilla Beans,18100,0.37,59,,LOW,,/shop/vanilla-beans/
homemade vanilla essence,Vanilla Beans,18100,0.37,59,,LOW,,/shop/vanilla-beans/
making vanilla extract,Vanilla Beans,14800,0.29,36,,LOW,,/shop/vanilla-beans/
madagascar vanilla bean,Vanilla Beans,14800,1.63,100,,LOW,,/shop/vanilla-beans/
vanilla bean sugar,Vanilla Beans,14800,0.35,98,,LOW,,/shop/vanilla-beans/
pure vanilla,Vanilla Beans,12100,0.51,29,,LOW,,/shop/vanilla-beans/
madagascar bourbon vanilla beans,Vanilla Beans,9900,2.33,83,,LOW,,/shop/vanilla-beans/
trader joe's vanilla bean paste,Vanilla Beans,9900,0.13,57,,LOW,,/shop/vanilla-beans/
bakers vanilla extract,Vanilla Beans,9900,0.34,59,,LOW,,/shop/vanilla-beans/
vanilla extract for baking,Vanilla Beans,9900,0.34,59,,LOW,,/shop/vanilla-beans/
vanilla e,Vanilla Beans,9900,7.76,0,,LOW,,/shop/vanilla-beans/
mexico vanilla extract,Vanilla Beans,6600,0.35,100,,LOW,,/shop/vanilla-beans/
vanilla bean powder,Vanilla Beans,6600,0.64,100,,LOW,,/shop/vanilla-beans/
mexican vanilla extract,Vanilla Beans,6600,0.35,100,,LOW,,/shop/vanilla-beans/
starbucks vanilla bean powder,Vanilla Beans,6600,0.5,21,,LOW,,/shop/vanilla-beans/
the vanilla bean,Vanilla Beans,6600,0.69,2,,LOW,,/shop/vanilla-beans/
mexican vanilla bean extract,Vanilla Beans,6600,0.35,100,,LOW,,/shop/vanilla-beans/
mexican vanilla flavor,Vanilla Beans,6600,0.35,100,,LOW,,/shop/vanilla-beans/
vanilla bean paste for baking,Vanilla Beans,6600,0.52,53,,LOW,,/shop/vanilla-beans/
nielsen massey madagascar bourbon pure vanilla extract,Vanilla Beans,5400,0.72,59,,LOW,,/shop/vanilla-beans/
bourbon vanilla paste,Vanilla Beans,5400,0.26,98,,LOW,,/shop/vanilla-beans/
bourbon vanilla bean paste,Vanilla Beans,5400,0.26,98,,LOW,,/shop/vanilla-beans/
vanilla pods,Vanilla Beans,5400,1.14,99,,LOW,,/shop/vanilla-beans/
vanilla bean pods,Vanilla Beans,5400,1.14,99,,LOW,,/shop/vanilla-beans/
vanilla flavor,Vanilla Beans,5400,0.56,65,,LOW,,/shop/vanilla-beans/
mccormick pure vanilla extract,Vanilla Beans,5400,0.32,40,,LOW,,/shop/vanilla-beans/
vanilla extract for coffee,Vanilla Beans,5400,1.13,47,,LOW,,/shop/vanilla-beans/
coffee with vanilla essence,Vanilla Beans,5400,1.13,47,,LOW,,/shop/vanilla-beans/
flavored vanilla extract,Vanilla Beans,5400,0.56,65,,LOW,,/shop/vanilla-beans/
nielsen massey pure vanilla extract madagascar bourbon,Vanilla Beans,5400,0.72,59,,LOW,,/shop/vanilla-beans/
vanilla essence coffee,Vanilla Beans,5400,1.13,47,,LOW,,/shop/vanilla-beans/
vanilla essence for coffee,Vanilla Beans,5400,1.13,47,,LOW,,/shop/vanilla-beans/
vanilla essence in coffee,Vanilla Beans,5400,1.13,47,,LOW,,/shop/vanilla-beans/
vanilla extract flavor,Vanilla Beans,5400,0.56,65,,LOW,,/shop/vanilla-beans/
vanilla extract vodka,Vanilla Beans,5400,0.44,4,,LOW,,/shop/vanilla-beans/
vanilla essence,Vanilla Beans,4400,0.31,95,,LOW,,/shop/vanilla-beans/
best vanilla extract,Vanilla Beans,4400,0.73,100,,LOW,,/shop/vanilla-beans/
best vanilla beans for extract,Vanilla Beans,4400,0.73,100,,LOW,,/shop/vanilla-beans/
vanilla bean plant,Vanilla Beans,4400,0.29,97,,LOW,,/shop/vanilla-beans/
good vanilla extract,Vanilla Beans,4400,0.73,100,,LOW,,/shop/vanilla-beans/
vanilla beans for vanilla extract,Vanilla Beans,4400,1.3,53,,LOW,,/shop/vanilla-beans/
best vanilla essence,Vanilla Beans,4400,0.73,100,,LOW,,/shop/vanilla-beans/
best vanilla bean extract,Vanilla Beans,4400,0.73,100,,LOW,,/shop/vanilla-beans/
making vanilla essence,Vanilla Beans,4400,0.71,64,,LOW,,/shop/vanilla-beans/
vanilla essence and vanilla extract,Vanilla Beans,4400,0.31,95,,LOW,,/shop/vanilla-beans/
vanilla essence making,Vanilla Beans,4400,0.71,64,,LOW,,/shop/vanilla-beans/
vanilla essence vanilla extract,Vanilla Beans,4400,0.31,95,,LOW,,/shop/vanilla-beans/
tahitian vanilla,Vanilla Beans,3600,0.62,94,,LOW,,/shop/vanilla-beans/
vanilla beans for sale,Vanilla Beans,3600,1.65,100,,LOW,,/shop/vanilla-beans/
nielsen massey vanilla extract,Vanilla Beans,3600,0.53,100,,LOW,,/shop/vanilla-beans/
where to buy vanilla beans,Vanilla Beans,3600,1.12,100,,LOW,,/shop/vanilla-beans/
mccormick vanilla extract,Vanilla Beans,3600,0.24,100,,LOW,,/shop/vanilla-beans/
where can i buy vanilla beans,Vanilla Beans,3600,1.12,100,,LOW,,/shop/vanilla-beans/
homemade vanilla,Vanilla Beans,3600,0.32,50,,LOW,,/shop/vanilla-beans/
where can you buy vanilla beans,Vanilla Beans,3600,1.12,100,,LOW,,/shop/vanilla-beans/
where do you buy vanilla beans,Vanilla Beans,3600,1.12,100,,LOW,,/shop/vanilla-beans/
beanilla vanilla,Vanilla Beans,3600,1.62,94,,LOW,,/shop/vanilla-beans/
where to purchase vanilla beans,Vanilla Beans,3600,1.12,100,,LOW,,/shop/vanilla-beans/
where to order vanilla beans,Vanilla Beans,3600,1.12,100,,LOW,,/shop/vanilla-beans/
mccormick vanilla flavor,Vanilla Beans,3600,0.24,100,,LOW,,/shop/vanilla-beans/
beanilla vanilla beans,Vanilla Beans,3600,1.62,94,,LOW,,/shop/vanilla-beans/
where do i buy vanilla beans,Vanilla Beans,3600,1.12,100,,LOW,,/shop/vanilla-beans/
where can i purchase vanilla beans,Vanilla Beans,3600,1.12,100,,LOW,,/shop/vanilla-beans/
nielsen and massey vanilla extract,Vanilla Beans,3600,0.53,100,,LOW,,/shop/vanilla-beans/
vanilla essence clear,Vanilla Beans,3600,0.49,100,,LOW,,/shop/vanilla-beans/
where can you purchase vanilla beans,Vanilla Beans,3600,1.12,100,,LOW,,/shop/vanilla-beans/
madagascar vanilla extract,Vanilla Beans,2900,0.78,100,,LOW,,/shop/vanilla-beans/
vanilla beans near me,Vanilla Beans,2900,0.61,100,,LOW,,/shop/vanilla-beans/
imitation vanilla extract,Vanilla Beans,2900,0.29,98,,LOW,,/shop/vanilla-beans/
imitation vanilla essence,Vanilla Beans,2900,0.29,98,,LOW,,/shop/vanilla-beans/
vanilla imitation extract,Vanilla Beans,2900,0.29,98,,LOW,,/shop/vanilla-beans/
nielsen massey vanilla paste,Vanilla Beans,2400,0.68,100,,LOW,,/shop/vanilla-beans/
nielsen massey pure vanilla bean paste,Vanilla Beans,2400,0.47,24,,LOW,,/shop/vanilla-beans/
nielsen massey pure vanilla extract,Vanilla Beans,2400,0.49,81,,LOW,,/shop/vanilla-beans/
non alcoholic vanilla extract,Vanilla Beans,2400,0.43,100,,LOW,,/shop/vanilla-beans/
bourbon vanilla extract,Vanilla Beans,2400,0.57,100,,LOW,,/shop/vanilla-beans/
madagascar bourbon vanilla,Vanilla Beans,2400,1.1,100,,LOW,,/shop/vanilla-beans/
vanilla bean paste near me,Vanilla Beans,2400,0.33,99,,LOW,,/shop/vanilla-beans/
vanilla paste near me,Vanilla Beans,2400,0.33,99,,LOW,,/shop/vanilla-beans/
bourbon for vanilla extract,Vanilla Beans,2400,0.57,100,,LOW,,/shop/vanilla-beans/
high quality vanilla extract,Vanilla Beans,1900,0.97,100,,LOW,,/shop/vanilla-beans/
nielsen massey madagascar bourbon pure vanilla bean paste,Vanilla Beans,1900,0.49,41,,LOW,,/shop/vanilla-beans/
organic vanilla bean extract,Vanilla Beans,1900,0.75,100,,LOW,Ethical Sourcing,/shop/vanilla-beans/
highest quality vanilla extract,Vanilla Beans,1900,0.97,100,,LOW,,/shop/vanilla-beans/
real vanilla bean extract,Vanilla Beans,1900,0.59,100,,LOW,,/shop/vanilla-beans/
vanilla beans bulk,Vanilla Beans,1900,2.27,100,,LOW,,/shop/vanilla-beans/
organic vanilla extract,Vanilla Beans,1900,0.75,100,,LOW,Ethical Sourcing,/shop/vanilla-beans/
whole vanilla beans,Vanilla Beans,1900,1.38,100,,LOW,,/shop/vanilla-beans/
real vanilla extract,Vanilla Beans,1900,0.59,100,,LOW,,/shop/vanilla-beans/
watkins vanilla extract,Vanilla Beans,1900,0.34,100,,LOW,,/shop/vanilla-beans/
bourbon vanilla beans,Vanilla Beans,1900,1.52,95,,LOW,,/shop/vanilla-beans/
high quality vanilla beans,Vanilla Beans,1900,2.5,98,,LOW,,/shop/vanilla-beans/
organic vanilla essence,Vanilla Beans,1900,0.75,100,,LOW,Ethical Sourcing,/shop/vanilla-beans/
watkins vanilla flavoring,Vanilla Beans,1900,0.34,100,,LOW,,/shop/vanilla-beans/
jr watkins vanilla extract,Vanilla Beans,1900,0.34,100,,LOW,,/shop/vanilla-beans/
pure vanilla extract for baking,Vanilla Beans,1900,0.43,77,,LOW,,/shop/vanilla-beans/
real vanilla essence,Vanilla Beans,1900,0.59,100,,LOW,,/shop/vanilla-beans/
true vanilla extract,Vanilla Beans,1900,0.59,100,,LOW,,/shop/vanilla-beans/
vanilla bean for baking,Vanilla Beans,1900,0.79,9,,LOW,,/shop/vanilla-beans/
vanilla essence organic,Vanilla Beans,1900,0.75,100,,LOW,Ethical Sourcing,/shop/vanilla-beans/
natural vanilla extract,Vanilla Beans,1600,0.76,95,,LOW,,/shop/vanilla-beans/
pure vanilla bean powder,Vanilla Beans,1600,1.07,100,,LOW,,/shop/vanilla-beans/
bourbon madagascar vanilla extract,Vanilla Beans,1600,1.4,88,,LOW,,/shop/vanilla-beans/
natural vanilla essence,Vanilla Beans,1600,0.76,95,,LOW,,/shop/vanilla-beans/
organic vanilla beans,Vanilla Beans,1600,2.15,100,,LOW,Ethical Sourcing,/shop/vanilla-beans/
vanilla sticks,Vanilla Beans,1600,0.5,97,,LOW,,/shop/vanilla-beans/
molina vanilla extract,Vanilla Beans,1600,0.18,82,,LOW,,/shop/vanilla-beans/
diy vanilla extract,Vanilla Beans,1600,0.36,48,,LOW,,/shop/vanilla-beans/
growing vanilla beans,Vanilla Beans,1600,0.16,39,,LOW,,/shop/vanilla-beans/
imitation vanilla,Vanilla Beans,1600,0.29,85,,LOW,,/shop/vanilla-beans/
madagascar bourbon vanilla extract,Vanilla Beans,1600,1.4,88,,LOW,,/shop/vanilla-beans/
gourmet vanilla beans,Vanilla Beans,1600,0.96,26,,LOW,,/shop/vanilla-beans/
beaver vanilla extract,Vanilla Beans,1600,0.75,0,,LOW,,/shop/vanilla-beans/
natureale vanilla extract,Vanilla Beans,1600,0.76,95,,LOW,,/shop/vanilla-beans/
vanilla bean trader joe's,Vanilla Beans,1600,0.29,77,,LOW,,/shop/vanilla-beans/
vanilla beaver extract,Vanilla Beans,1600,0.75,0,,LOW,,/shop/vanilla-beans/
vanilla essence beaver,Vanilla Beans,1600,0.75,0,,LOW,,/shop/vanilla-beans/
vanilla extract alcoholic,Vanilla Beans,1600,1.31,9,,LOW,,/shop/vanilla-beans/
vanilla growing,Vanilla Beans,1600,0.16,39,,LOW,,/shop/vanilla-beans/
rodelle vanilla bean paste,Vanilla Beans,1300,0.35,100,,LOW,,/shop/vanilla-beans/
mexican vanilla beans,Vanilla Beans,1300,1.32,100,,LOW,,/shop/vanilla-beans/
simply organic vanilla extract,Vanilla Beans,1300,0.42,100,,LOW,Ethical Sourcing,/shop/vanilla-beans/
fresh vanilla bean,Vanilla Beans,1300,1.23,100,,LOW,,/shop/vanilla-beans/
best vanilla bean paste,Vanilla Beans,1300,0.7,100,,LOW,,/shop/vanilla-beans/
vanilla extract price,Vanilla Beans,1300,0.39,87,,LOW,,/shop/vanilla-beans/
pure mexican vanilla extract,Vanilla Beans,1300,0.31,100,,LOW,,/shop/vanilla-beans/
vanilla extract cost,Vanilla Beans,1300,0.39,87,,LOW,,/shop/vanilla-beans/
rodelle vanilla paste,Vanilla Beans,1300,0.35,100,,LOW,,/shop/vanilla-beans/
vanilla bean project,Vanilla Beans,1300,0.63,45,,LOW,,/shop/vanilla-beans/
simply organic vanilla flavoring,Vanilla Beans,1300,0.42,100,,LOW,Ethical Sourcing,/shop/vanilla-beans/
mexican vanilla extract pure,Vanilla Beans,1300,0.31,100,,LOW,,/shop/vanilla-beans/
simple organic vanilla extract,Vanilla Beans,1300,0.42,100,,LOW,Ethical Sourcing,/shop/vanilla-beans/
simply organics vanilla extract,Vanilla Beans,1300,0.42,100,,LOW,Ethical Sourcing,/shop/vanilla-beans/
vanilla extract how much,Vanilla Beans,1300,0.23,22,,LOW,,/shop/vanilla-beans/
simply organic vanilla bean paste,Vanilla Beans,1000,0.41,96,,LOW,Ethical Sourcing,/shop/vanilla-beans/
pure ground vanilla bean powder,Vanilla Beans,1000,0.48,51,,LOW,,/shop/vanilla-beans/
premium vanilla extract,Vanilla Beans,1000,0.62,100,,LOW,,/shop/vanilla-beans/
pure ground vanilla powder,Vanilla Beans,1000,0.48,51,,LOW,,/shop/vanilla-beans/
vanilla bean king,Vanilla Beans,1000,0.84,100,,LOW,,/shop/vanilla-beans/
tahitian vanilla beans,Vanilla Beans,1000,1.89,100,,LOW,,/shop/vanilla-beans/
halal vanilla extract,Vanilla Beans,1000,0.39,56,,LOW,,/shop/vanilla-beans/
organic vanilla bean paste,Vanilla Beans,1000,0.62,100,,LOW,Ethical Sourcing,/shop/vanilla-beans/
where to buy vanilla bean paste,Vanilla Beans,1000,0.51,100,,LOW,,/shop/vanilla-beans/
vanilla bean price,Vanilla Beans,1000,0.46,81,,LOW,,/shop/vanilla-beans/
aldi vanilla extract,Vanilla Beans,1000,0.14,49,,LOW,,/shop/vanilla-beans/
where to buy vanilla paste,Vanilla Beans,1000,0.51,100,,LOW,,/shop/vanilla-beans/
vanilla for baking,Vanilla Beans,1000,0.34,98,,LOW,,/shop/vanilla-beans/
where can i buy vanilla bean paste,Vanilla Beans,1000,0.51,100,,LOW,,/shop/vanilla-beans/
vanilla extract bottle,Vanilla Beans,1000,1.06,100,,LOW,,/shop/vanilla-beans/
where can i buy vanilla paste,Vanilla Beans,1000,0.51,100,,LOW,,/shop/vanilla-beans/
homemade vanilla bean paste,Vanilla Beans,1000,0.7,15,,LOW,,/shop/vanilla-beans/
homemade vanilla paste,Vanilla Beans,1000,0.7,15,,LOW,,/shop/vanilla-beans/
nielsen massey mexican vanilla extract,Vanilla Beans,1000,0.47,32,,LOW,,/shop/vanilla-beans/
price vanilla,Vanilla Beans,1000,0.46,81,,LOW,,/shop/vanilla-beans/
vanilla real,Vanilla Beans,1000,0.54,100,,LOW,,/shop/vanilla-beans/
where can i purchase vanilla bean paste,Vanilla Beans,1000,0.51,100,,LOW,,/shop/vanilla-beans/
where can you buy vanilla bean paste,Vanilla Beans,1000,0.51,100,,LOW,,/shop/vanilla-beans/
where can you buy vanilla paste,Vanilla Beans,1000,0.51,100,,LOW,,/shop/vanilla-beans/
where do i buy vanilla bean paste,Vanilla Beans,1000,0.51,100,,LOW,,/shop/vanilla-beans/
where do you buy vanilla bean paste,Vanilla Beans,1000,0.51,100,,LOW,,/shop/vanilla-beans/
where to purchase vanilla bean paste,Vanilla Beans,1000,0.51,100,,LOW,,/shop/vanilla-beans/
pure vanilla powder,Vanilla Beans,880,0.93,100,,LOW,,/shop/vanilla-beans/
nielsen massey madagascar bourbon vanilla extract,Vanilla Beans,880,0.77,60,,LOW,,/shop/vanilla-beans/
nielsen massey vanilla bean,Vanilla Beans,880,0.92,100,,LOW,,/shop/vanilla-beans/
heilala vanilla bean paste,Vanilla Beans,720,1.61,91,,LOW,,/shop/vanilla-beans/
pure vanilla bean paste,Vanilla Beans,720,0.69,100,,LOW,,/shop/vanilla-beans/
pure vanilla paste,Vanilla Beans,720,0.69,100,,LOW,,/shop/vanilla-beans/
pure ground vanilla,Vanilla Beans,590,0.63,99,,LOW,,/shop/vanilla-beans/
madagascar bourbon pure vanilla extract,Vanilla Beans,590,0.56,30,,LOW,,/shop/vanilla-beans/
high quality pure vanilla extract,Vanilla Beans,590,0.96,95,,LOW,,/shop/vanilla-beans/
madagascar vanilla bean paste,Vanilla Beans,480,1.13,100,,LOW,,/shop/vanilla-beans/
madagascar pure vanilla extract,Vanilla Beans,480,1.01,99,,LOW,,/shop/vanilla-beans/
nielsen massey madagascar bourbon vanilla bean paste,Vanilla Beans,480,0.46,50,,LOW,,/shop/vanilla-beans/
mccormick vanilla bean paste,Vanilla Beans,480,0.21,86,,LOW,,/shop/vanilla-beans/
madagascar bourbon pure vanilla bean paste,Vanilla Beans,480,0.27,100,,LOW,,/shop/vanilla-beans/
pure vanilla extract madagascar,Vanilla Beans,480,1.01,99,,LOW,,/shop/vanilla-beans/
vanilla bean paste to extract,Vanilla Beans,480,0.48,99,,LOW,,/shop/vanilla-beans/
vanilla bean paste to vanilla essence,Vanilla Beans,480,1.06,22,,LOW,,/shop/vanilla-beans/
vanilla extract to vanilla bean paste,Vanilla Beans,480,1.06,22,,LOW,,/shop/vanilla-beans/
vanilla extract vanilla bean paste,Vanilla Beans,480,1.06,22,,LOW,,/shop/vanilla-beans/
pure vanilla beans,Vanilla Beans,390,0.69,100,,LOW,,/shop/vanilla-beans/
watkins pure vanilla bean paste,Vanilla Beans,390,0.1,52,,LOW,,/shop/vanilla-beans/
nielsen vanilla bean paste,Vanilla Beans,320,0.54,100,,LOW,,/shop/vanilla-beans/
madagascar vanilla bean powder,Vanilla Beans,320,0.84,100,,LOW,,/shop/vanilla-beans/
nielsen vanilla paste,Vanilla Beans,320,0.54,100,,LOW,,/shop/vanilla-beans/
watkins vanilla bean paste,Vanilla Beans,320,0.4,100,,LOW,,/shop/vanilla-beans/
madagascar vanilla paste,Vanilla Beans,260,1.26,100,,LOW,,/shop/vanilla-beans/
organic vanilla paste,Vanilla Beans,260,0.67,100,,LOW,Ethical Sourcing,/shop/vanilla-beans/
madagascar bourbon vanilla bean paste,Vanilla Beans,260,0.4,100,,LOW,,/shop/vanilla-beans/
madagascar bourbon vanilla paste,Vanilla Beans,260,0.4,100,,LOW,,/shop/vanilla-beans/
mccormick vanilla beans,Vanilla Beans,260,0.25,91,,LOW,,/shop/vanilla-beans/
nielsen massey madagascar bourbon vanilla,Vanilla Beans,210,0.57,100,,LOW,,/shop/vanilla-beans/
8oz vanilla extract,Vanilla Beans,210,0.45,100,,LOW,,/shop/vanilla-beans/
4oz vanilla extract,Vanilla Beans,210,0.51,100,,LOW,,/shop/vanilla-beans/
massey vanilla paste,Vanilla Beans,170,0.39,100,,LOW,,/shop/vanilla-beans/
gourmet vanilla extract,Vanilla Beans,170,1.16,92,,LOW,,/shop/vanilla-beans/
best quality vanilla extract,Vanilla Beans,170,0.63,100,,LOW,,/shop/vanilla-beans/
massey vanilla bean paste,Vanilla Beans,170,0.39,100,,LOW,,/shop/vanilla-beans/
nielsen massey madagascar bourbon vanilla beans,Vanilla Beans,170,2.01,90,,LOW,,/shop/vanilla-beans/
wilderness poets pure vanilla powder,Vanilla Beans,170,1.03,65,,LOW,,/shop/vanilla-beans/
massey vanilla,Vanilla Beans,140,0.51,100,,LOW,,/shop/vanilla-beans/
nielsen massey madagascar bourbon vanilla paste,Vanilla Beans,140,0.39,100,,LOW,,/shop/vanilla-beans/
100 pure vanilla extract,Vanilla Beans,140,0.37,99,,LOW,,/shop/vanilla-beans/
raw vanilla bean,Vanilla Beans,140,0.9,100,,LOW,,/shop/vanilla-beans/
wilderness poets vanilla powder,Vanilla Beans,140,0.58,100,,LOW,,/shop/vanilla-beans/
vanilla nielsen,Vanilla Beans,140,0.61,100,,LOW,,/shop/vanilla-beans/
heilala pure vanilla extract,Vanilla Beans,110,0.76,98,,LOW,,/shop/vanilla-beans/
kukulkan god,Mayan Culture & History,22200,0.12,6,2,HIGH — Blog,Origin Story,"/blog/kukulkan/, /shop/kukulkan/"
mayan gods,Mayan Culture & History,9900,3.04,0,1,HIGH — Blog,Origin Story,/blog/mayan-gods/
mayan deities,Mayan Culture & History,9900,3.04,0,1,HIGH — Blog,Origin Story,/blog/mayan-gods/
ix chel,Mayan Culture & History,8100,0.84,1,0,HIGH — Blog,Origin Story,"/blog/ixchel/, /shop/ixchel/"
ixchel goddess,Mayan Culture & History,1900,0.0,0,2,HIGH — Blog,Origin Story,"/blog/ixchel/, /shop/ixchel/"
jaguar mayan god,Mayan Culture & History,1600,0.0,0,0,HIGH — Blog,Origin Story,"/blog/balam-jaguar/, /shop/balam/"
mayan civilization food,Mayan Culture & History,3600,0.12,1,0,HIGH — Blog,Origin Story,/blog/mayan-civilization-food/
mayan culture food,Mayan Culture & History,3600,0.12,1,0,HIGH — Blog,Origin Story,/blog/mayan-civilization-food/
mayan history,Mayan Culture & History,2900,1.51,1,36,MEDIUM — Blog,Origin Story,/blog/mayan-civilization-food/
mayan corn god,Mayan Culture & History,2400,0.0,0,0,HIGH — Blog,Origin Story,"/blog/mayan-gods/, /shop/rosquillas/"
mayan sun god,Mayan Culture & History,1900,0.0,0,0,HIGH — Blog,Origin Story,/blog/mayan-gods/
itzamna god,Mayan Culture & History,2900,0.0,0,0,HIGH — Blog,Origin Story,/blog/mayan-gods/
ah puch,Mayan Culture & History,2400,0.0,0,0,MEDIUM — Blog,Origin Story,/blog/mayan-gods/
maya mythology,Mayan Culture & History,1600,25.58,0,0,HIGH — Blog,Origin Story,/blog/mayan-gods/
ancient chocolate,Mayan Culture & History,1300,0.8,10,0,HIGH — Blog,Origin Story,/blog/mayan-civilization-food/
copan honduras,Copán & Honduras Story,14800,1.8,1,6,HIGH — Blog,Origin Story,/blog/copan-honduras/
copán ruins,Copán & Honduras Story,14800,1.8,1,6,HIGH — Blog,Origin Story,/blog/copan-honduras/
copan ruins,Copán & Honduras Story,1600,3.7,1,6,HIGH — Blog,Origin Story,/blog/copan-honduras/
honduras copan ruinas,Copán & Honduras Story,14800,1.8,1,6,MEDIUM — Blog,Origin Story,/blog/copan-honduras/
meliponine honey benefits,Stingless Bee & Honey,500,0.0,0,0,MEDIUM — Blog,Origin Story,/blog/stingless-bee-honey/
xunan kab,Stingless Bee & Honey,100,0.0,0,0,LOW,Origin Story,/blog/stingless-bee-honey/
cacao ceremony,Ritual & Ceremony,4400,1.9,61,4,HIGH — Blog,Ritual & Wellness,/blog/cacao-ceremony/
what is ceremonial cacao,Ritual & Ceremony,1300,0.57,62,8,HIGH — Blog,Ritual & Wellness,/blog/cacao-ceremony/
sacred cacao,Ritual & Ceremony,500,0.0,0,0,MEDIUM — Blog,Ritual & Wellness,/blog/cacao-ceremony/
cacao vs cocoa,Product Education,18100,0.66,48,5,HIGH — Blog,Product Education,/blog/cacao-vs-cocoa/
cacao powder vs cocoa powder,Product Education,18100,0.66,48,5,HIGH — Blog,Product Education,/blog/cacao-vs-cocoa/
cocoa nibs vs cacao nibs,Product Education,18100,0.66,48,5,HIGH — Blog,Product Education,/blog/cacao-vs-cocoa/
cacao vs cocoa beans,Product Education,18100,0.66,48,5,HIGH — Blog,Product Education,/blog/cacao-vs-cocoa/
how to make vanilla extract from vanilla beans,Recipes & How-To,18100,0.37,45,13,HIGH — Blog,Recipes,/blog/vanilla-extract/
how do i make vanilla extract,Recipes & How-To,18100,0.37,45,13,HIGH — Blog,Recipes,/blog/vanilla-extract/
how to make vanilla bean extract,Recipes & How-To,18100,0.37,45,13,HIGH — Blog,Recipes,/blog/vanilla-extract/
make vanilla extract,Recipes & How-To,14800,0.29,36,13,HIGH — Blog,Recipes,/blog/vanilla-extract/
pour over coffee guide,Coffee Brewing,2400,0.4,30,6,HIGH — Blog,Coffee Education,/blog/how-to-brew-coffee/
specialty coffee explained,Coffee Brewing,1000,0.5,20,8,HIGH — Blog,Coffee Education,/blog/what-is-specialty-coffee/
coffee tasting notes explained,Coffee Brewing,800,0.3,15,5,HIGH — Blog,Coffee Education,/blog/coffee-tasting-notes/
hot cocoa drink recipe,Recipes & How-To,74000,0.2,4,0,HIGH — Blog,Recipes,/blog/mayan-hot-chocolate/
hot chocolate with cocoa powder,Recipes & How-To,33100,0.59,36,0,HIGH — Blog,Recipes,/blog/mayan-hot-chocolate/
hot chocolate cacao powder,Recipes & How-To,33100,0.59,36,0,HIGH — Blog,Recipes,/blog/mayan-hot-chocolate/
hot chocolate made from cocoa powder,Recipes & How-To,33100,0.59,36,0,HIGH — Blog,Recipes,/blog/mayan-hot-chocolate/
hot chocolate recipe with cocoa powder,Recipes & How-To,6600,0.62,4,0,HIGH — Blog,Recipes,/blog/mayan-hot-chocolate/
cacao hot chocolate,Recipes & How-To,2400,0.5,10,0,HIGH — Blog,Recipes,/blog/mayan-hot-chocolate/
vanilla bean paste recipe,Recipes & How-To,14800,0.68,4,0,HIGH — Blog,Recipes,/blog/vanilla-extract/
vanilla paste recipe,Recipes & How-To,14800,0.68,4,0,HIGH — Blog,Recipes,/blog/vanilla-extract/
how to grind coffee beans,Coffee Brewing,12100,0.3,10,5,HIGH — Blog,Coffee Education,/blog/coffee-grind-guide/
coffee grind size,Coffee Brewing,8100,0.35,15,8,HIGH — Blog,Coffee Education,/blog/coffee-grind-guide/
pour over coffee ratio,Coffee Brewing,6600,0.4,20,5,HIGH — Blog,Coffee Education,/blog/how-to-brew-pour-over/
coffee to water ratio,Coffee Brewing,9900,0.3,10,5,HIGH — Blog,Coffee Education,/blog/how-to-brew-pour-over/
how to use a french press,Coffee Brewing,33100,0.35,15,8,HIGH — Blog,Coffee Education,/blog/french-press-guide/
cold brew coffee ratio,Coffee Brewing,4400,0.25,5,5,HIGH — Blog,Coffee Education,/blog/cold-brew-guide/
burr grinder vs blade grinder,Coffee Brewing,2400,0.5,20,8,HIGH — Blog,Coffee Education,/blog/coffee-grind-guide/
coffee bloom,Coffee Brewing,1600,0.2,5,3,HIGH — Blog,Coffee Education,/blog/how-to-brew-pour-over/
how to taste coffee,Coffee Brewing,1000,0.3,10,5,HIGH — Blog,Coffee Education,/blog/coffee-tasting-notes/
specialty coffee at home,Coffee Brewing,1300,0.6,25,8,HIGH — Blog,Coffee Education,/blog/specialty-coffee-guide/
